Playlist Title,Song Name,Musicians,Duration,Song Link
Music(instrumental),Stanley Kubrick Music - Dr. Strangelove: Bomb run,Olivergreg5,2:13,https://music.youtube.com/watch?v=w_d7wa0cxDU
Music(instrumental),This Playlist Will Make Studying Physics Seem Cool,ultravclet,39:18,https://music.youtube.com/watch?v=BfdGBBSQ2fU
Music(instrumental),Einaudi: Experience,Ludovico Einaudi,5:16,https://music.youtube.com/watch?v=2MHsDNV9lgY
Music(instrumental),Time,Hans Zimmer,4:36,https://music.youtube.com/watch?v=jgyShFzdB_Q
Music(instrumental),Mozart - Lacrimosa but humanity has ended,Aeternum Orchestra,3:38,https://music.youtube.com/watch?v=0BNh7zpBoBU
Music(instrumental),Lacrimosa - Epic Version (Mozart),Samuel Kim Music,2:56,https://music.youtube.com/watch?v=-PPWRGqYz5M
Music(instrumental),Oppenheimer X Inception | EPIC VERSION (Destroyer Of Worlds x Dream Is Collapsing),John G. Music,3:41,https://music.youtube.com/watch?v=bRA68Z4govw
Music(instrumental),Dream Is Collapsing,Hans Zimmer,2:24,https://music.youtube.com/watch?v=Jx5KJQb0pDo
Music(instrumental),Rising Tide,Jack Wall,3:22,https://music.youtube.com/watch?v=Jd_STVd5LUg
Music(instrumental),I Vow To Thee My Country,Johan Söderqvist - Topic,3:55,https://music.youtube.com/watch?v=1XY7aktN5HQ
Music(instrumental),Dream Within a Dream,Hans Zimmer,5:05,https://music.youtube.com/watch?v=sZYgsZPAPSs
Music(instrumental),"End Credits - Choir and Orchestra - ""With Open Eyes""",Nicholas Britell,2:22,https://music.youtube.com/watch?v=sACH7EIAVXU
Music(instrumental),It's Done +  Succesion Main Title Theme (slowed + reverb),Zimwig,4:35,https://music.youtube.com/watch?v=4BnEma9chac
Music(instrumental),Quantum Mechanics,Ludwig Goransson,3:01,https://music.youtube.com/watch?v=8TLR-TTXDY8
Music(instrumental),Piercing Light,League Of Legends - Topic,4:52,https://music.youtube.com/watch?v=GMG-SkU0Cis
Music(instrumental),Can You Hear The Music,Ludwig Goransson,1:51,https://music.youtube.com/watch?v=4JZ-o3iAJv4
Music(instrumental),Luminary,Joel Sunny,3:09,https://music.youtube.com/watch?v=ttVn04pzXUQ
Music(instrumental),Battlefield One,Johan Söderqvist - Topic,3:21,https://music.youtube.com/watch?v=MZzJOncLnnU
Music(instrumental),Destroyer Of Worlds,Ludwig Goransson,2:55,https://music.youtube.com/watch?v=Pswx6OQp1Ks
Music(instrumental),[Private video],Unknown Artist,N/A,https://music.youtube.com/watch?v=tjcOSRpbl98
Music(instrumental),Middle Of The Night (Violin),Joel Sunny,3:03,https://music.youtube.com/watch?v=2BS4NgC-RUc
Music(instrumental),Beyond,Adrián Berenguer,3:39,https://music.youtube.com/watch?v=HArQ3FlTHmA
Music(instrumental),Fusion,Ludwig Goransson,3:56,https://music.youtube.com/watch?v=-U4VnWX1ZD4
Music(instrumental),Red Dress | Beyond,Adrián Berenguer,3:10,https://music.youtube.com/watch?v=BqIWpsRzcY8
Music(instrumental),Interstellar (EPIC Version),Sebastien Hollich,4:43,https://music.youtube.com/watch?v=PO0_nlKl0uA
Music(instrumental),January | Beyond,Adrián Berenguer,2:56,https://music.youtube.com/watch?v=xD2j6yRf0mc
Music(instrumental),The Flight Of The Pigeon,Johan Söderqvist - Topic,1:42,https://music.youtube.com/watch?v=GMReiYmQWgw
Music(instrumental),Reset | Beyond,Adrián Berenguer,4:24,https://music.youtube.com/watch?v=TX-v8E47BbU
Music(instrumental),Battlefield Classic Theme / Mayhem View,Johan Söderqvist - Topic,3:16,https://music.youtube.com/watch?v=oAUlZJ2q0VM
Music(instrumental),War Of Hearts (Violin),Dramatica - Topic,3:33,https://music.youtube.com/watch?v=xnwMwcE_KRQ
Music(instrumental),HAUSER - Pirates of the Caribbean (Live in Budapest),HAUSER,3:37,https://music.youtube.com/watch?v=xSYXD-uCE1g
Music(instrumental),Void | Beyond,Adrián Berenguer,3:33,https://music.youtube.com/watch?v=d1AR1AAvA_I
Music(instrumental),Interstellar Official Soundtrack | Cornfield Chase – Hans Zimmer | WaterTower,WaterTower Music,2:07,https://music.youtube.com/watch?v=JuSsvM8B4Jc
Music(instrumental),Fission,Ludwig Goransson,4:39,https://music.youtube.com/watch?v=vx7S3v7u7jY
Music(instrumental),Gravity Swallows Light,Ludwig Goransson,3:31,https://music.youtube.com/watch?v=oGyQwSwMI94
Music(instrumental),Manhattan Project,Ludwig Goransson,3:02,https://music.youtube.com/watch?v=Ee-bpPsUeto
Music(instrumental),American Prometheus,Ludwig Goransson,2:38,https://music.youtube.com/watch?v=UysO8R1vqA8
Music(instrumental),Los Alamos,Ludwig Goransson,2:39,https://music.youtube.com/watch?v=nNiHetq8-bg
Music(instrumental),Power Stays In The Shadows,Ludwig Goransson,4:11,https://music.youtube.com/watch?v=VBCr6UVacz8
Music(instrumental),"Raag - Desh, Raagmala",Ustad Amjad Ali Khan - Topic,55:33,https://music.youtube.com/watch?v=bGXquAfay10
Music(instrumental),Ravi Shankar's Final Performance Before He Left For His Heavenly Abode,Esraj by Tathagata Mishra,2:58,https://music.youtube.com/watch?v=-hvogOn-my8
Music(instrumental),An Indian Tribute to Imagine Dragons’ Believer | by Tushar Lall,Corning® Gorilla® Glass,2:46,https://music.youtube.com/watch?v=oHvCAOBHY44
Music(instrumental),#Breathless  #ShankarMahadevan #VeenaSrivani,Veena Srivani,2:32,https://music.youtube.com/watch?v=eaQvIL-leCo
Music(instrumental),eden (hava nagila interpolation) - dramatic violin interlude,Joel Sunny,2:01,https://music.youtube.com/watch?v=8mZnUGIVz6I
Music(instrumental),Sleep Therapy in Veena - Neelambari Raga+Delta Waves,Raag Music Therapy - Topic,1:02:38,https://music.youtube.com/watch?v=g9WVxVFMnr4
Music(instrumental),Ludovico Einaudi - Time Lapse (Official Audio),Ludovico Einaudi,5:33,https://music.youtube.com/watch?v=rkIfqqJrhds
Music(instrumental),Ludovico Einaudi - Nuvole Bianche (Official Visualiser),Ludovico Einaudi,6:03,https://music.youtube.com/watch?v=sR2W2scFS4Y
Music(instrumental),Fly,Ludovico Einaudi,4:39,https://music.youtube.com/watch?v=gRqiU9QWGO8
Music(instrumental),Primavera,Ludovico Einaudi,7:23,https://music.youtube.com/watch?v=n-Jl71LY5tc
Music(instrumental),Einaudi: Nuvole Bianche,Ludovico Einaudi,5:58,https://music.youtube.com/watch?v=PhXEL2FRSag
Music(instrumental),Dawn Of A New Time,Johan Söderqvist - Topic,3:15,https://music.youtube.com/watch?v=-mta8kdXWSA
Music(instrumental),Ludovico Einaudi - Sarabande (Official Visualiser),Ludovico Einaudi,4:15,https://music.youtube.com/watch?v=yzzoDJyKWYE
Music(instrumental),Paris,Else,3:30,https://music.youtube.com/watch?v=r8Yqbi4uVUg
Music(instrumental),Battlefield V Legacy Theme,Johan Söderqvist - Topic,3:36,https://music.youtube.com/watch?v=lYZdHnH6pPg
Music(instrumental),Trinity,Ludwig Goransson,7:53,https://music.youtube.com/watch?v=b0d8sSmZqzs
Music(instrumental),The Runner,Johan Söderqvist - Topic,4:52,https://music.youtube.com/watch?v=YqB9qLG_i70
Music(instrumental),The War To End All Wars,Johan Söderqvist - Topic,3:24,https://music.youtube.com/watch?v=wKUujzesoNg
Music(instrumental),"Prologue ""We Push..""",Johan Söderqvist - Topic,1:58,https://music.youtube.com/watch?v=RI6RKCCyiTE
Music(instrumental),Sun,Adrián Berenguer,5:15,https://music.youtube.com/watch?v=KY_KsHWHrQA
Music(instrumental),Dreaming of the Crash,Hans Zimmer,3:56,https://music.youtube.com/watch?v=FqlpJUvC15E
Music(instrumental),The Wormhole,Hans Zimmer,1:31,https://music.youtube.com/watch?v=mksYlcizgw4
Music(instrumental),"Epilogue ""We Will Fight..""",Johan Söderqvist - Topic,2:14,https://music.youtube.com/watch?v=CV5xnn_JrF0
Music(instrumental),Choo Lo | The Local Train | Midnight Jam | Guitar Cover |,Faiyaz Rahman Samin,3:53,https://music.youtube.com/watch?v=wTEcv_2Ir98
Music(instrumental),Swalla - Raga Fusion - Adi Tala (Jathi Mix),IndianRaga - Topic,1:43,https://music.youtube.com/watch?v=-QL7Dbpf65s
Music(instrumental),"Interstellar Main Theme (From ""Interstellar"")",Geek Music,4:04,https://music.youtube.com/watch?v=1ki7oATXdXc
Music(instrumental),Pirates Of The Caribbean Theme (Indian Version) | Tushar Lall (TIJP),Tushar Lall,4:09,https://music.youtube.com/watch?v=ztu4qWbQPjY
Music(instrumental),Interstellar Theme Music (Indian Version) | Tushar Lall (TIJP),Tushar Lall,5:02,https://music.youtube.com/watch?v=TKILNbrWxBQ
Music(instrumental),Infinity,Adrián Berenguer,2:28,https://music.youtube.com/watch?v=bSLlgyveB24
Music(instrumental),[Private video],Unknown Artist,N/A,https://music.youtube.com/watch?v=wq2KVHV8x00
Music(instrumental),2CELLOS - Game of Thrones [Live at Sydney Opera House],2CELLOS,5:05,https://music.youtube.com/watch?v=1yx1aV7Av2M
Music(instrumental),Why so Serious?,Hans Zimmer,9:15,https://music.youtube.com/watch?v=-L9M667JcaU
Music(instrumental),2049,Hans Zimmer,3:38,https://music.youtube.com/watch?v=d3clrkLNTSA
Music(instrumental),Cornfield Chase,Hans Zimmer,2:07,https://music.youtube.com/watch?v=7GlsxNI4LVI
Music(instrumental),Afraid of Time,Hans Zimmer,2:33,https://music.youtube.com/watch?v=6kDaf9aTXqQ
Music(instrumental),A Place Among the Stars,Hans Zimmer,3:28,https://music.youtube.com/watch?v=nqsm10CTzUw
Music(instrumental),Where We're Going,Hans Zimmer,7:42,https://music.youtube.com/watch?v=39zPuBFPOhE
Music(instrumental),Paul's Dream,Hans Zimmer,7:04,https://music.youtube.com/watch?v=IgGKoUpgA3Q
Music(instrumental),Herald of the Change,Hans Zimmer,5:02,https://music.youtube.com/watch?v=MkJ6IegZaIM
Music(instrumental),Gom Jabbar,Hans Zimmer,2:01,https://music.youtube.com/watch?v=nE9ByFzkRdE
Music(instrumental),Dream of Arrakis,Hans Zimmer,3:09,https://music.youtube.com/watch?v=M-bWFbJlwXk
Music(instrumental),Honor Him,Gavin Greenaway,1:20,https://music.youtube.com/watch?v=Cq7vKWK3FIU
Music(instrumental),2CELLOS - Demons [OFFICIAL VIDEO],2CELLOS,3:49,https://music.youtube.com/watch?v=J1JFt-db-0M
Music(instrumental),2CELLOS - Now We Are Free - Gladiator [Live at Sydney Opera House],2CELLOS,5:43,https://music.youtube.com/watch?v=pL0bxewHbjo
Music(instrumental),Reborn | Youth,Adrián Berenguer,4:37,https://music.youtube.com/watch?v=dr0lgJEa_b0
Music(instrumental),Harry Potter (The Ultimate Indian Theme),Mahesh Raghvan,2:34,https://music.youtube.com/watch?v=i7EvOTHVp9c
Music(instrumental),Now We Are Free,Lisa Gerrard,4:15,https://music.youtube.com/watch?v=ghxzLw2wRis
Music(instrumental),Theme From Jurassic Park,John Williams,3:28,https://music.youtube.com/watch?v=lDlU08RU7Tk
Music(instrumental),Titanic Music (Indian Version) | Tushar Lall (TIJP),Tushar Lall,6:27,https://music.youtube.com/watch?v=IzpviJVHxUs
Music(instrumental),Harry Potter Music (Indian Version) | Tushar Lall (TIJP),Tushar Lall,4:38,https://music.youtube.com/watch?v=66CxIEaV3Z4
Music(instrumental),Mission Impossible (Indian Version) | Tushar Lall (TIJP),Tushar Lall,3:58,https://music.youtube.com/watch?v=vZz944KDOu8
Music(instrumental),Star Wars Music (Indian Version)| Tushar Lall (TIJP),Tushar Lall,6:23,https://music.youtube.com/watch?v=G0YHc0xKqJ8
Music(instrumental),The Imitation Game (Main Theme) | The Imitation Game (Original Motion Picture Soundtrack),SonySoundtracksVEVO,2:41,https://music.youtube.com/watch?v=kr6WTOCbDTw
Music(instrumental),Bella Ciao Indian Cover (Tabla Fusion) | Shaun Vinda | Money Heist,Shaun Vinda,3:14,https://music.youtube.com/watch?v=xjWIYxoAoWU
Music(instrumental),Theorists,Ludwig Goransson,3:15,https://music.youtube.com/watch?v=xBkXDczuu3U
Music(instrumental),Atmospheric Ignition,Ludwig Goransson,3:29,https://music.youtube.com/watch?v=pCEVj0nV7M8
Music(instrumental),Day One,Hans Zimmer,3:20,https://music.youtube.com/watch?v=UgkvcWx8oXw
Music(instrumental),Pirates of the Carribeann Theme,The Snake Charmer - Topic,3:56,https://music.youtube.com/watch?v=d1GBSlP-mlY
Music(instrumental),Interstellar (Piano & Violin Version),ViOLiNiA Zhanna Stelmakh ,2:55,https://music.youtube.com/watch?v=po8_CLhe7b4
Music(instrumental),Clarx - Zig Zag | Future House | NCS - Copyright Free Music,NoCopyrightSounds,3:27,https://music.youtube.com/watch?v=CLEWmT_8ppM
Music(instrumental),Warriyo - Mortals (feat. Laura Brehm) | Future Trap | NCS - Copyright Free Music,NoCopyrightSounds,3:50,https://music.youtube.com/watch?v=yJg-Y5byMMw
Music(instrumental),"Path to Heaven (From ""Kingdom of Heaven"" Soundtrack)",Harry Gregson-Williams,1:35,https://music.youtube.com/watch?v=o470ggKS3bU
Music(instrumental),Battlefield 1 Soundtrack: In The Name Of The Tsar Main Menu Theme 2,Lapis Radzuli,2:25,https://music.youtube.com/watch?v=ikznkfdftSs
Music(instrumental),Lacrimosa (Battlefield 1 Epilogue),Johan Söderqvist - Topic,3:51,https://music.youtube.com/watch?v=uUWvktEKing
Music(instrumental),"Grace and Glory, Pt. 2",Johan Söderqvist - Topic,1:50,https://music.youtube.com/watch?v=RHm1SnoHsgw
Music(instrumental),Battlefield 1 Soundtrack: In The Name Of The Tsar End of Round Theme 2 Extended,Lapis Radzuli,6:30,https://music.youtube.com/watch?v=oW15l8laSd8
Music(instrumental),Sword in Hand,Johan Söderqvist - Topic,2:36,https://music.youtube.com/watch?v=BlNcj4jc6dE
Music(instrumental),Bongo Cat – Unstoppable (Cover Version) 🎧,Bongo Cat,2:11,https://music.youtube.com/watch?v=DeUnnquIX1M
Music(instrumental),Adrenaline,Jack Wall,3:26,https://music.youtube.com/watch?v=hPR_hKpwXbI
Music(instrumental),Eclipse (From Dune: Original Motion Picture Soundtrack) (Trailer Version),Hans Zimmer,1:37,https://music.youtube.com/watch?v=2iDgjBxZ-Nc
Music(instrumental),Extraction Point,Hans Zimmer,3:36,https://music.youtube.com/watch?v=smnJ-qM1RWk
Music(instrumental),Can You Hear the Note Blocks - Minecraft Animation,Boranium,1:56,https://music.youtube.com/watch?v=14954yE101g
Music(instrumental),Pink Floyd - Any Colour You Like (2023 Remaster),Pink Floyd,3:26,https://music.youtube.com/watch?v=l8pEjmZVx3k
Music(instrumental),Still D.R.E. (Instrumental),Dr. Dre,4:29,https://music.youtube.com/watch?v=3MufzuaKfZg
Music(instrumental),[HQ] Neodämmerung w/(Sanskrit) Lyric Translation - The Matrix,Hungry Whiskers,5:54,https://music.youtube.com/watch?v=HHN7DTFxQ50
Music(instrumental),silliest of them all,xylz - Topic,1:56,https://music.youtube.com/watch?v=f4GfEcTMADc
Music(instrumental),Tel Aviv,skeler.,3:37,https://music.youtube.com/watch?v=cnxXQiWxE-k
Music(instrumental),TIME x INTERSTELLAR x DESTROYER OF WORLDS Mix,ThirdEye Motivation,5:01,https://music.youtube.com/watch?v=7QExRez2A4M
Music(instrumental),Dr. Hill,Ludwig Goransson,4:24,https://music.youtube.com/watch?v=LtmFUgI6zEE
Music(instrumental),Colonel Pash,Ludwig Goransson,4:58,https://music.youtube.com/watch?v=uADCo0308Kk
Music(instrumental),A Lowly Shoe Salesman,Ludwig Goransson,3:35,https://music.youtube.com/watch?v=X-jOQkXJuIw
Music(instrumental),Astronomia,Vicetone,3:19,https://music.youtube.com/watch?v=A5wBk9946Ew
Music(instrumental),Succession (Main Title Theme),Nicholas Britell,1:43,https://music.youtube.com/watch?v=Wp5_YW67kYU
Music(instrumental),Better Call Saul,Enfabeats ,4:44,https://music.youtube.com/watch?v=ZPT-xSyKfiY
Music(instrumental),Strings Con Fuoco,Nicholas Britell,1:13,https://music.youtube.com/watch?v=8KcgH09mMsw
Music(instrumental),American Prometheus (from Oppenheimer) - EPIC VERSION,Ayhan Music,5:22,https://music.youtube.com/watch?v=Odypb-ihTuA
Music(instrumental),When the Stakes Are High | Focus Music,Cinematic Focus,1:00:14,https://music.youtube.com/watch?v=TIqsKXQHvFI
Music(instrumental),𝐘𝐨𝐮 𝐚𝐫𝐞 𝐡𝐞𝐚𝐫𝐢𝐧𝐠 𝐭𝐡𝐞 𝐦𝐮𝐬𝐢𝐜 | 𝐎𝐩𝐩𝐞𝐧𝐡𝐞𝐢𝐦𝐞𝐫 𝐒𝐨𝐮𝐧𝐝𝐭𝐫𝐚𝐜𝐤,𝐌𝐔𝐍𝐃𝐈 𝐎𝐏𝐔𝐒,1:00:37,https://music.youtube.com/watch?v=LYigiwbaX_U
Music(instrumental),You Are Solving The Impossible | Interstellar Soundtrack,Cinematic Focus,1:00:00,https://music.youtube.com/watch?v=WHqbqzqeskw
Music(instrumental),"I’m tired, but I can’t stop now",Baram Piano,1:00:20,https://music.youtube.com/watch?v=uzwvOGQHH1o
Music(instrumental),∫ a dark academia playlist to study math ∫,Dark Dreamers,3:28:47,https://music.youtube.com/watch?v=f7c76IqUuUQ
Music(instrumental),𝐘𝐨𝐮 𝐚𝐫𝐞 𝐝𝐞𝐬𝐢𝐠𝐧𝐢𝐧𝐠 𝐝𝐫𝐞𝐚𝐦𝐬 | 𝐈𝐧𝐜𝐞𝐩𝐭𝐢𝐨𝐧 𝐒𝐨𝐮𝐧𝐝𝐭𝐫𝐚𝐜𝐤,𝐌𝐔𝐍𝐃𝐈 𝐎𝐏𝐔𝐒,1:01:09,https://music.youtube.com/watch?v=wUWdIaaCvjg
Music(instrumental),a playlist to romanticize studying physics,nobody,48:42,https://music.youtube.com/watch?v=NSislM08uWM
Music(instrumental),Real Or Imagined?,James Horner - Topic,5:46,https://music.youtube.com/watch?v=r-n3F5fwfcw
Music(instrumental),"Alan (From ""The Imitation Game"" Soundtrack)",Alexandre Desplat - Topic,2:58,https://music.youtube.com/watch?v=xfcYhJb2l3U
Music(instrumental),Metamorphosis,James Horner - Topic,3:05,https://music.youtube.com/watch?v=rVdgwPnzd9g
Music(instrumental),The End,Hans Zimmer,6:14,https://music.youtube.com/watch?v=K9mtiDX_lLc
Music(instrumental),"Playing A Game Of ""Go!""",James Horner - Topic,3:34,https://music.youtube.com/watch?v=Yyv3zJ1IGb0
Music(instrumental),Classical Music for When You’re on a Deadline,HALIDONMUSIC,1:51:00,https://music.youtube.com/watch?v=dwY7w0k3j2Y
Music(instrumental),Classical Music for When You’re on a Deadline,HALIDONMUSIC,2:41:16,https://music.youtube.com/watch?v=4PUHBL1vMNY
Music(instrumental),Classical Music for When You're on a Deadline,HALIDONMUSIC,2:06:59,https://music.youtube.com/watch?v=TOXTfogmxU0
Music(instrumental),when you have to finish your homework in less than 1 hour (a playlist),nobody,47:09,https://music.youtube.com/watch?v=-XFJoMRMM4k
Music(instrumental),when you need to clean your room in less than 1 hour to escape your mother's sandals (playlist),nobody,45:18,https://music.youtube.com/watch?v=jrOYasCzgwk
Music(instrumental),when you wake up late and have to get to school in less than 30 minutes (a playlist),nobody,28:58,https://music.youtube.com/watch?v=RnkxLb2KaXA
Music(instrumental),Music to Work Like Oppenheimer,Jsco Music,1:04:10,https://music.youtube.com/watch?v=X7q7zwyi3fA
Music(instrumental),50 Best of Mozart,HALIDONMUSIC,5:21:29,https://music.youtube.com/watch?v=RAxDy10bvnM
Music(instrumental),The Best of Beethoven,HALIDONMUSIC,1:37:38,https://music.youtube.com/watch?v=W-fFHeTX70Q
Music(instrumental),Succession Music to Work With Kendall Roy,Jsco Music,1:04:06,https://music.youtube.com/watch?v=vuJt2sGdkdU
Music(instrumental),my go-to quiet classical playlist as a computer science major📚quiet classical music for focus,nobody:boy,1:18:43,https://music.youtube.com/watch?v=JgZ6NW0RsqA
Music(instrumental),Interstellar: The Ultimate Space Experience | Hans Zimmer,matogolf,24:39,https://music.youtube.com/watch?v=MW8RKweDoaE
Music(instrumental),Classical Music to Lock In,HALIDONMUSIC,2:01:41,https://music.youtube.com/watch?v=vmY63tNIrx8
Music(instrumental),𝐘𝐨𝐮 𝐚𝐫𝐞 𝐜𝐫𝐞𝐚𝐭𝐢𝐧𝐠 𝐬𝐨𝐦𝐞𝐭𝐡𝐢𝐧𝐠 𝐧𝐨 𝐨𝐧𝐞 𝐜𝐚𝐧 𝐢𝐦𝐚𝐠𝐢𝐧𝐞 | 𝐓𝐡𝐞 𝐈𝐦𝐢𝐭𝐚𝐭𝐢𝐨𝐧 𝐆𝐚𝐦𝐞 𝐒𝐨𝐮𝐧𝐝𝐭𝐫𝐚𝐜𝐤,𝐌𝐔𝐍𝐃𝐈 𝐎𝐏𝐔𝐒,1:01:11,https://music.youtube.com/watch?v=GlmwkPdkaN4
Music(instrumental),Oppenheimer: The Atomic Sound Experience | Ultimate Cut,matogolf,28:45,https://music.youtube.com/watch?v=kDinWUQ2NkA
Music(instrumental),The Best of Mozart,HALIDONMUSIC,1:56:02,https://music.youtube.com/watch?v=Rb0UmrCXxVA
Music(instrumental),Main Titles,Theodore Shapiro - Topic,1:21,https://music.youtube.com/watch?v=k-_SX5MheDI
Music(instrumental),Bridge of Death (From “Chernobyl” TV Series Soundtrack),Hildur Guðnadóttir,4:44,https://music.youtube.com/watch?v=aM_HhU_CV44
Music(instrumental),Vichnaya Pamyat,Release - Topic,4:08,https://music.youtube.com/watch?v=4Poc3MF8GFk
Music(instrumental),Adagio in C Minor,Nicholas Britell,1:31,https://music.youtube.com/watch?v=2lV6swEfXzg
Music(instrumental),Glassworks: I. Opening,Philip Glass - Topic,6:25,https://music.youtube.com/watch?v=3ULLItGR6mM
Music(instrumental),The Lullaby,"Bear McCreary, Composer",4:41,https://music.youtube.com/watch?v=6PXp0V1fPKA
Music(instrumental),Hymn - Mvmt 1: Prelude,Nicholas Britell,3:54,https://music.youtube.com/watch?v=6j8LY7Fmn8c
Music(instrumental),Metamorphosis: Two,Philip Glass - Topic,7:22,https://music.youtube.com/watch?v=F6AggxvVFRY
Music(instrumental),S.T.A.Y.,Hans Zimmer,6:24,https://music.youtube.com/watch?v=MU3EOO4fWQo
Music(instrumental),"Minuet in C Minor - English Horn - ""I Need You""",Nicholas Britell,1:48,https://music.youtube.com/watch?v=O0KwEaPS86Y
Music(instrumental),Succession - End Title Theme - Strings and Winds Variation,Nicholas Britell,1:27,https://music.youtube.com/watch?v=SANMfayvob8
Music(instrumental),Succession Soundtrack Suite (S1-S3) - Andante Galore,Summer Boy,20:48,https://music.youtube.com/watch?v=FKUFxynOK7s
Music(instrumental),"Mozart: Fantasia in D Minor, K. 397",Alfred Brendel - Topic,5:17,https://music.youtube.com/watch?v=vn9Sffjo4WU
Music(instrumental),"Schubert: Piano Trio No. 2 in E-Flat Major, D. 929: II. Andante con moto",Thomas Demenga - Topic,9:12,https://music.youtube.com/watch?v=5yG2vgvSu3M
Music(instrumental),Satie: Gnossienne No. 1 (Excerpt),Jean-Yves Thibaudet,3:27,https://music.youtube.com/watch?v=pn6mx6VLHDM
Music(instrumental),"Variations on a Rococo Theme, Op. 33, TH 57: Var: VI. Andante",Jean-Guihen Queyras - Topic,2:37,https://music.youtube.com/watch?v=yqVOhroGbkw
Music(instrumental),"Chopin: Nocturne No. 1 in B flat minor, Op. 9 No. 1",Nelson Freire - Topic,5:35,https://music.youtube.com/watch?v=-EX-olyM2U4
Music(instrumental),"Schubert: Auf dem Wasser zu singen, D. 774 - Transcription: Franz Liszt, Searle 558 No. 2",Evgeny Kissin - Topic,3:52,https://music.youtube.com/watch?v=0JawM-KQWOU
Music(instrumental),"J.S. Bach: Violin Concerto No. 1 in A minor, BWV 1041: I. (Allegro moderato)",Daniel Lozakovich,3:56,https://music.youtube.com/watch?v=NzGNR5Pg_nk
Music(instrumental),"4 Impromptus, D. 899, Op. 90: No. 3 in G-Flat Major",Murray Perahia - Topic,6:05,https://music.youtube.com/watch?v=hf_7Pms7cto
Music(instrumental),"Field: Nocturne No. 1 in E-Flat Major, H. 24",Elizabeth Joy Roe - Topic,3:42,https://music.youtube.com/watch?v=G3AfGwZIBV4
Music(instrumental),"Trumpet Concerto in E-Flat Major, Hob. VIIe:1: III. Finale. Allegro",Simon Höfele,4:29,https://music.youtube.com/watch?v=Gw6e0jq41CA
Music(instrumental),"Ständchen, S. 560 (Trans. from Schwanengesang No. 4, D. 957)",Khatia Buniatishvili official,7:23,https://music.youtube.com/watch?v=pJf-XXTBEqs
Music(instrumental),"The Seasons, Op. 37b: VI. Juin: Barcarolle (June: Barcarolle)",Yefim Bronfman - Topic,4:32,https://music.youtube.com/watch?v=yU-IkMeNmco
Music(instrumental),"Tchaikovsky: Six Pieces, Op. 51, TH 143: VI. Valse sentimentale. Tempo di Valse",Daniel Lozakovich,2:22,https://music.youtube.com/watch?v=_tejyLGVH6Y
Music(instrumental),"Après un rêve, Op. 7, No. 1",Yo-Yo Ma,2:41,https://music.youtube.com/watch?v=11Wi4KQQzkc
Music(instrumental),"Sicilienne, Op. 78",Gautier Capucon,3:53,https://music.youtube.com/watch?v=YuCYg9_Dg_w
Music(instrumental),"Liebestraum No. 3 in A-Flat Major, S. 541 / 3",Lang Lang,4:54,https://music.youtube.com/watch?v=s9eHeVHyZvE
Music(instrumental),"Prelude in C minor, BWV 999",Janos Sebestyen,1:09,https://music.youtube.com/watch?v=mOg1lye1asI
Music(instrumental),"Liszt: Consolations, S. 172: No. 3 in D-Flat Major. Lento, placido",Daniel Barenboim,4:14,https://music.youtube.com/watch?v=roFXldnkMqA
Music(instrumental),"Etudes symphoniques (Symphonic Etudes) , Op. 13, Adagio and Allegro brillante: Variation 11...",Seattle Symphony,1:52,https://music.youtube.com/watch?v=4ish3xsnzCU
Music(instrumental),Jóhannsson: A Sparrow Alighted upon our Shoulder,Jóhann Jóhannsson,2:28,https://music.youtube.com/watch?v=TYjME2xuMck
Music(instrumental),"Organ Concerto in A Minor, BWV 593 (From ""L'Estro Armonico"" by A. Vivaldi) : I. Allegro (Arr....",German Brass,3:45,https://music.youtube.com/watch?v=PPHdxwXy2eg
Music(instrumental),"Notenbüchlein für Anna Magdalena Bach: Aria ""Bist du bei mir"", BWV 508 (Arr. By Enrique Crespo)",German Brass,3:45,https://music.youtube.com/watch?v=AY1VfmwoG5k
Music(instrumental),"The Four Seasons, Op. 8 L'inverno ""Winter"": I. Allegro non molto",Paolo Bordignon - Topic,3:26,https://music.youtube.com/watch?v=AoiGcqrn684
Music(instrumental),"Prelude in D minor, BWV 926",Janos Sebestyen,1:16,https://music.youtube.com/watch?v=vOjCPjTXSJk
Music(instrumental),Adagietto,Arash Safaian,2:23,https://music.youtube.com/watch?v=QtH4WOjMQrs
Music(instrumental),"Études d'exécution transcendante, S. 139: 8. Wilde Jagd in C Minor",Evgeny Kissin - Topic,4:47,https://music.youtube.com/watch?v=JNKHKWDg7t8
Music(instrumental),"13 Pieces, Op. 76: No. 2 Etude",Håvard Gimse - Topic,1:12,https://music.youtube.com/watch?v=oOo-PFEhXOE
Music(instrumental),"The Hours: An Unwelcome Friend (From ""The Hours"")",Nicolas Horvath,4:17,https://music.youtube.com/watch?v=VmEwXMvqWGI
Music(instrumental),"Concerto for 2 Oboes in A Minor, RV 536: III. Allegro",Stefan Schilli - Topic,1:39,https://music.youtube.com/watch?v=48P2HhJXXGA
Music(instrumental),The Crown Main Title| The Crown: Season One (Soundtrack from the Netflix Original Series),Hans Zimmer,1:28,https://music.youtube.com/watch?v=EIEqXWHPf88
Music(instrumental),The Departure,Max Richter,1:16,https://music.youtube.com/watch?v=8R5Ppb9wqjY
Music(instrumental),Nocturne No. 10 in E minor,Benjamin Frith - Topic,3:13,https://music.youtube.com/watch?v=ZcEpR-Py7ZQ
Music(instrumental),Succession (Main Title Theme) [Extended Intro Version],Nicholas Britell,1:53,https://music.youtube.com/watch?v=zWEGaobu1AY
Music(instrumental),Call of Duty Black Ops 2 - Adrenaline (Soundtrack OST),codbo2ost,3:24,https://music.youtube.com/watch?v=Y1Keu-zE3gs
Music(instrumental),Dust,Hans Zimmer,5:42,https://music.youtube.com/watch?v=iSQcqtKY1cA
Music(instrumental),"Moderato Con Brio for Violin, Harp, and Orchestra",Nicholas Britell,1:57,https://music.youtube.com/watch?v=-nVSSphqoWc
Music(instrumental),"Terms (From ""Kingdom of Heaven"" Soundtrack)",Harry Gregson-Williams,4:29,https://music.youtube.com/watch?v=ExM-o23bSa4
Music(instrumental),Rising Tide in the Style of Adrenaline (Cold War x Black Ops 2 Multiplayer Theme Remix),Ugly Ygluu,3:03,https://music.youtube.com/watch?v=8BlNHwO2vmY
Music(instrumental),"Schwanengesang No. 1-7, D. 957: Ständchen",Christoph Prégardien - Topic,3:22,https://music.youtube.com/watch?v=cfrFZNSRuqk
Music(instrumental),Under No Flag,Johan Söderqvist - Topic,3:37,https://music.youtube.com/watch?v=4Xm-6Px299I
Music(instrumental),Tears in the Rain,Hans Zimmer,2:11,https://music.youtube.com/watch?v=by2pM_0Sf8c
Music(instrumental),It's Done,Nicholas Britell,2:50,https://music.youtube.com/watch?v=gBkKah4cQps
Music(instrumental),Succession (Main Title Theme),Nicholas Britell,2:02,https://music.youtube.com/watch?v=ChU_W9LfgZo
Music(instrumental),"Saint-Saëns: The Carnival of the Animals, R. 125: XIII. The Swan",Isata Kanneh-Mason,2:31,https://music.youtube.com/watch?v=ynoc9O9DaW0
Music(instrumental),"Field: Nocturne No. 9 in E Minor, H. 46",Alice Sara Ott,3:19,https://music.youtube.com/watch?v=2Oc6Y_Cw1lo
Music(instrumental),Kaldalóns: Ave María (Arr. Víkingur Ólafsson) (Upright Piano),Víkingur Ólafsson,3:37,https://music.youtube.com/watch?v=QjW6LyByhuk
Music(instrumental),Positano,Stephan Moccio,3:28,https://music.youtube.com/watch?v=6Ri65Lejahs
Music(instrumental),Richter: Spring 1 (2012),Daniel Hope,2:32,https://music.youtube.com/watch?v=XOx528b0FII
Music(instrumental),Gospel Andante,Jon Batiste,3:56,https://music.youtube.com/watch?v=dIrY0NZaWvQ
Music(instrumental),"Chopin: Waltz No. 19 in A Minor, KK IVb (Version for Harp in A Flat Minor)",Magdalena Hoffmann,2:23,https://music.youtube.com/watch?v=oWUBPm2UFDI
Music(instrumental),Ida,Joep Beving,2:31,https://music.youtube.com/watch?v=PReFQ4pmqz4
Music(instrumental),"Jóhannsson, Colstrup: Be Over (From ""The Shadow Play"") [Performed on Piano]",Alice Sara Ott,1:33,https://music.youtube.com/watch?v=h6kzmF4CuaA
Music(instrumental),Vague,Anja Lechner,3:14,https://music.youtube.com/watch?v=z9-Ubt8g8Jo
Music(instrumental),360 (Arr. For Cello Obligato and String Quartet),Peter Gregson,2:12,https://music.youtube.com/watch?v=ojseFo4Siio
Music(instrumental),Einaudi: Full Moon (Arr. Lewin for Guitar),milosguitar,3:37,https://music.youtube.com/watch?v=Ru5XtqG0xKo
Music(instrumental),"Of the undiscovered country (From The Original Motion Picture ""Hamnet"")",Max Richter,5:23,https://music.youtube.com/watch?v=GfBof20zuis
Music(instrumental),"Beethoven: Piano Sonata No. 30 in E Major, Op. 109: III. Andante molto cantabile ed espressivo...",Víkingur Ólafsson,2:21,https://music.youtube.com/watch?v=OHxMLguS41Y
Music(instrumental),"Soule: Secunda (Transcr. Trifonov for Piano) (From ""The Elder Scrolls: Skyrim"")",Daniil Trifonov,2:28,https://music.youtube.com/watch?v=DjWG65qnpyc
Music(instrumental),Little Waltz,Joep Beving,1:17,https://music.youtube.com/watch?v=6TpB3rH6HIk
Music(instrumental),refuge,Lara Somogyi,2:34,https://music.youtube.com/watch?v=2uE4HpRC3EI
Music(instrumental),"Satie: Gnossiennes: No. 1, Lent (Upright Version)",Bruce Liu ,3:48,https://music.youtube.com/watch?v=R3D7aZmYtLs
Music(instrumental),"Debussy: Suite bergamasque, L. 75: III. Clair de lune",Alice Sara Ott,4:55,https://music.youtube.com/watch?v=jINSPfJ6-Yc
Music(instrumental),The Wanderer,Stephan Moccio,3:31,https://music.youtube.com/watch?v=77Av8pYVq1k
Music(instrumental),And Some Will Fall (Edit),Max Richter,4:12,https://music.youtube.com/watch?v=SqGPEzsWM_Q
Music(instrumental),"Pärt: 7 Magnificat-Antiphons: No. 6, O König aller Völker",Vox Clamantis - Topic,1:29,https://music.youtube.com/watch?v=Lj35P-22Bfo
Music(instrumental),"Rameau, Ólafsson: The Arts and the Hours",Víkingur Ólafsson,4:46,https://music.youtube.com/watch?v=eCngEqayi74
Music(instrumental),"J.S. Bach: Goldberg Variations, BWV 988: Aria (Live at Carnegie Hall, New York, 2025)",Yunchan Lim,4:05,https://music.youtube.com/watch?v=eCJImHej2l0
Music(instrumental),"Marianelli: Dawn (From ""Pride & Prejudice"" Soundtrack)",Jean-Yves Thibaudet,2:39,https://music.youtube.com/watch?v=DHYF1UchYgs
Music(instrumental),"Liszt: Consolations, S. 172: No. 2 in E Major. Un poco più mosso",Lang Lang,3:28,https://music.youtube.com/watch?v=o-E8pbHOiN0
Music(instrumental),"Alkan: Recueil de chants, Op. 65: No. 6, Barcarolle",Bruce Liu ,3:37,https://music.youtube.com/watch?v=G4X1OLyNtrQ
Music(instrumental),"J.S. Bach: Goldberg Variations, BWV 988: Var. 21",Víkingur Ólafsson,3:16,https://music.youtube.com/watch?v=XwIxodE2BUg
Music(instrumental),Memory One,Ludovico Einaudi,4:24,https://music.youtube.com/watch?v=x1daTSCrN0U
Music(instrumental),Cimarosa: Sonata No. 42 in D Minor (Arr. Ólafsson),Víkingur Ólafsson,2:24,https://music.youtube.com/watch?v=C-fkyDDO4RA
Music(instrumental),Silvestrov: 3 Postludes: Postlude No. 3,Anja Lechner,4:16,https://music.youtube.com/watch?v=cUJ27_nJufI
Music(instrumental),"Kreisler: 3 Old Viennese Dances: No. 2, Liebesleid (Transcr. for Violin and Orchestra)",María Dueñas Violin,3:41,https://music.youtube.com/watch?v=Np99bVe0qx0
Music(instrumental),"J.S. Bach: Prelude in E Minor, BWV 855/I (Arr. Siloti in B Minor)",Hamish Milne - Topic,2:58,https://music.youtube.com/watch?v=JGz6IJwP71s
Music(instrumental),Sanctuary (Together),Chad Lawson,3:55,https://music.youtube.com/watch?v=zOkwKGX4HMc
Music(instrumental),Running Up That Hill,Lara Somogyi,2:32,https://music.youtube.com/watch?v=yw9MzdmEUZA
Music(instrumental),"Remember Me (Arr. Hough for Piano) (From ""Coco"")",Stephen Hough,2:48,https://music.youtube.com/watch?v=6RVywPur-Ns
Music(instrumental),Communion,Stephan Moccio,4:16,https://music.youtube.com/watch?v=O79aASae17g
Music(instrumental),River Flows In You,YIRUMA place / 이루마 official,3:31,https://music.youtube.com/watch?v=7cLT218TQaM
Music(instrumental),"Chopin: Piano Sonata No. 3 in B Minor, Op. 58: II. Scherzo. Molto vivace",Benjamin Grosvenor,2:47,https://music.youtube.com/watch?v=Yo8CBpymyU0
Music(instrumental),"Chopin: Nocturne No. 20 in C-Sharp Minor, KK IVa/16",Tianyao Lyu,4:35,https://music.youtube.com/watch?v=CzF9yVugFWA
Music(instrumental),"Chopin: Nocturne No. 1 in B-Flat Minor, Op. 9 No. 1",Maurizio Pollini - Topic,4:47,https://music.youtube.com/watch?v=xUB-qW3Prc0
Music(instrumental),The Poetry of Earth (Geophony) (Edit),Max Richter,3:40,https://music.youtube.com/watch?v=VipRxeeqQbA
Music(instrumental),Fantasia Italiana (Piano Solo),Milano Cortina 2026 - Topic,3:58,https://music.youtube.com/watch?v=DDR8gyX6pSA
Music(instrumental),Lawson: irreplaceable,Chad Lawson,4:32,https://music.youtube.com/watch?v=rbK_ImkxNVU
Music(instrumental),"Hurwitz: Mia & Sebastian's Theme (From ""La La Land"") [Arr. Kerber for Solo Piano]",Lang Lang,3:16,https://music.youtube.com/watch?v=1qvO2Xm8ItE
Music(instrumental),Merry-Go-Round of Life,Joe Hisaishi Official,2:45,https://music.youtube.com/watch?v=4RzS8SUzVjc
Music(instrumental),Beving: Ala,Joep Beving,2:01,https://music.youtube.com/watch?v=mYlCZtW6krQ
Music(instrumental),"J.S. Bach: Cello Suite No. 1 in G Major, BWV 1007: I. Prélude",Pierre Fournier - Topic,2:52,https://music.youtube.com/watch?v=0a5smXJeTbY
Music(instrumental),Wind Song,Ludovico Einaudi,3:19,https://music.youtube.com/watch?v=u1X0zuhD8kA
Music(instrumental),"Scriabin: 24 Préludes, Op. 11: No. 21 in B-Flat Major. Andante (Upright Version)",Julius Asal,1:39,https://music.youtube.com/watch?v=HvbxETl1AZM
Music(instrumental),"Debussy: Préludes / Book 1, L. 117: No. 8, The Girl with the Flaxen Hair",Ruth Slenczynska - Topic,2:53,https://music.youtube.com/watch?v=pQKMY2TJ2Jo
Music(instrumental),Open,Luke Howard - Topic,3:03,https://music.youtube.com/watch?v=L4saS4wO73U
Music(instrumental),We Contain Multitudes — piano reworks,YIRUMA place / 이루마 official,4:25,https://music.youtube.com/watch?v=b-bVxWi8mD0
Music(instrumental),Delibes: Lakmé: Flower Duet (Arr. Naoumoff for Piano),Lang Lang,2:14,https://music.youtube.com/watch?v=2pVHVdeYlt0
Music(instrumental),Dusklight Movement,Jon Batiste,4:18,https://music.youtube.com/watch?v=XoahVsnz93Q
Music(instrumental),"Chopin: Nocturne No. 19 in E Minor, Op. 72 No. 1",Benjamin Grosvenor,4:02,https://music.youtube.com/watch?v=mBD_wi10-RY
Music(instrumental),Richter: On the Nature of Daylight,Max Richter,6:15,https://music.youtube.com/watch?v=nVoVG7-UDUs
Music(instrumental),"Rachmaninoff: How Fair This Spot, Op. 21 No. 7 (Transcr. Volodos for Piano)",Nobuyuki Tsujii Official Channel,2:36,https://music.youtube.com/watch?v=Yl9MNqPPOQw
Music(instrumental),"Vivaldi: The Four Seasons: Autumn, Violin Concerto in F Major, RV 293, Op. 8 No. 3: I. Allegro",Janine Jansen,5:08,https://music.youtube.com/watch?v=nLj94h1Ppf4
Music(instrumental),"J.S. Bach: The Well-Tempered Clavier I: Prelude No. 9 in E Major, BWV 854",Víkingur Ólafsson,1:45,https://music.youtube.com/watch?v=Z0KH1aBdp-s
Music(instrumental),"Gluck: Orfeo ed Euridice, Wq. 30: Dance of the Blessed Spirits ""Melody"" (Arr. Sgambati for Piano)",Yuja Wang,3:02,https://music.youtube.com/watch?v=wtwCXYsYRso
Music(instrumental),"Beethoven: Für Elise, Bagatelle in A Minor, WoO 59",Lang Lang,3:24,https://music.youtube.com/watch?v=k_ZLxAPro3w
Music(instrumental),Dream Your Dreams,Nitai Hershkovits - Topic,4:00,https://music.youtube.com/watch?v=BXvLlUt0SK8
Music(instrumental),"Saint-Saëns: Carnival of the Animals, R. 125: VII. Aquarium",Lang Lang,2:30,https://music.youtube.com/watch?v=o25JL7PddBA
Music(instrumental),"J.S. Bach: Gottes Zeit ist die allerbeste Zeit, BWV 106 ""Actus tragicus"": I. Sonatina",Márta Kurtág - Topic,2:19,https://music.youtube.com/watch?v=RerGNR0Yesc
Music(instrumental),"Gounod, J.S. Bach: Ave Maria, CG 89a (After Prelude in C Major, BWV 846) [Version for Cello &...",Steven Isserlis - Topic,2:55,https://music.youtube.com/watch?v=P-wr-rdCUxU
Music(instrumental),"R. Strauss: Morgen, Op. 27 No. 4 (Arr. Reger for Piano)",Angela Hewitt - Topic,3:53,https://music.youtube.com/watch?v=8NvNneLiM1E
Music(instrumental),"Beethoven: Piano Sonata No. 14 in C-Sharp Minor, Op. 27 No. 2 ""Moonlight"": I. Adagio sostenuto",Alice Sara Ott,5:24,https://music.youtube.com/watch?v=DvADrgEcWaI
Music(instrumental),Punta Bianca,Ludovico Einaudi,4:13,https://music.youtube.com/watch?v=RpPepbkl-V8
Music(instrumental),amour,Jean-Michel Blais,4:38,https://music.youtube.com/watch?v=t-Q9A3TN0oY
Music(instrumental),"Tchaikovsky: The Seasons, Op. 37a: VI. June. Barcarolle. Andante cantabile",Yunchan Lim,4:50,https://music.youtube.com/watch?v=hhspm511LV0
Music(instrumental),"Coleridge-Taylor: Sometimes I Feel Like a Motherless Child, Op. 59 No. 22",Isata Kanneh-Mason,4:02,https://music.youtube.com/watch?v=zl9LdUGCb6k
Music(instrumental),"Pachelbel: Canon and Gigue in D Major, P. 37: Canon in D Major, P. 37/1 (Orch. Seiffert)",Frank Maus - Topic,5:06,https://music.youtube.com/watch?v=JMrJQYeBX5o
Music(instrumental),Prelude to a Soul,Sebastian Plano,2:47,https://music.youtube.com/watch?v=yIR_rU1pbcU
Music(instrumental),A Dead Sea's Ripples,Sophie Hutchings,3:01,https://music.youtube.com/watch?v=OGP2uZxXJwk
Music(instrumental),Weinberg: Kujawiak,Gidon Kremer - Topic,3:17,https://music.youtube.com/watch?v=TfSZ-yeh05I
Music(instrumental),Traditional: Auld Lang Syne (Arr. Feuillâtre for Guitar),Raphaël Feuillâtre - Topic,1:47,https://music.youtube.com/watch?v=cALlO7AaQyI
Music(instrumental),"Tchaikovsky: Swan Lake Suite, Op. 20a: I. Scene ""Swan Theme"". Moderato",Berliner Philharmoniker,3:03,https://music.youtube.com/watch?v=qqjlocepj0o
Music(instrumental),"Chopin: Nocturne No. 2 In E Flat, Op. 9 No. 2",Maurizio Pollini - Topic,4:03,https://music.youtube.com/watch?v=S8YhDR2fOUg
Music(instrumental),"Tchaikovsky: The Sleeping Beauty, Op. 66 (Transcr. Pletnev as Concert Suite for Piano): V. The...",Daniil Trifonov,1:13,https://music.youtube.com/watch?v=wmfAuGLa71g
Music(instrumental),Glass: Orphée / Act 1: III. La chambre d'Orphée (Version for Piano duet),Katia Labèque - Topic,2:00,https://music.youtube.com/watch?v=xS9-3TO12vM
Music(instrumental),Opus 18 (Silfur Version),Dustin O'Halloran,3:32,https://music.youtube.com/watch?v=Ij1UX8E28fE
Music(instrumental),Whale Overture,Gabríel Ólafs,4:14,https://music.youtube.com/watch?v=4dpFHdqLXuo
Music(instrumental),"Rachmaninoff: Vocalise, Op. 34, No. 14",Berliner Philharmoniker,5:28,https://music.youtube.com/watch?v=FSldHoCVwOI
Music(instrumental),Tiersen: Comptine d'un autre été : L'Après-midi (Arr. for Guitar by Sérgio Assad) (From...,Plínio Fernandes,3:37,https://music.youtube.com/watch?v=PYJPxJi4TZA
Music(instrumental),Losar,Joep Beving,3:42,https://music.youtube.com/watch?v=ZzUr-8GtNnc
Music(instrumental),"J.S. Bach: The Well-Tempered Clavier, Book 2: Prelude No. 12 in F Minor, BWV 881/1",András Schiff - Topic,4:09,https://music.youtube.com/watch?v=5I7MC5WPDwU
Music(instrumental),saman,Ólafur Arnalds,2:12,https://music.youtube.com/watch?v=XmHs_sMDueA
Music(instrumental),Gregson: 6.6 Gigue,Peter Gregson,2:49,https://music.youtube.com/watch?v=eFfz2fKeBPA
Music(instrumental),"Fauré: Après un rêve, Op. 7, No. 1 (Arr. Piano)",Alan Feinberg - Topic,3:19,https://music.youtube.com/watch?v=0dFGEEr3s3w
Music(instrumental),The Drifter,Gabríel Ólafs,2:49,https://music.youtube.com/watch?v=P9mCm2Nacmo
Music(instrumental),Iris,Daigo Hanada,4:20,https://music.youtube.com/watch?v=8M-VBF5Enok
Music(instrumental),"Tchaikovsky: The Sleeping Beauty, Op. 66 (Transcr. Pletnev as Concert Suite for Piano): V. The...",Daniil Trifonov,1:13,https://music.youtube.com/watch?v=rqsGHwEezj0
Music(instrumental),"J.S. Bach: Sinfonia (3-Part Invention) No. 11 in G Minor, BWV 797 (Transcr. for Harp)",Magdalena Hoffmann,2:15,https://music.youtube.com/watch?v=TMiWZCjU9VY
Music(instrumental),"Debussy: Préludes / Book 1, L. 117: VIII. La fille aux cheveux de lin",Víkingur Ólafsson,2:24,https://music.youtube.com/watch?v=QvruNVp12yM
Music(instrumental),"J.S. Bach: Goldberg Variations, BWV 988: Var. 25. a 2 Clav. Adagio (Live at Carnegie Hall, New...",Yunchan Lim,8:35,https://music.youtube.com/watch?v=hGpWei99yMA
Music(instrumental),"J.S. Bach: Orchestral Suite No. 3 in D Major, BWV 1068: II. Air ""on the G String""",David Bell,6:01,https://music.youtube.com/watch?v=bvj25SpFUJ8
Music(instrumental),"Chopin: 24 Preludes, Op. 28: No. 15 in D-Flat Major ""Raindrop Prelude""",Martha Argerich - Topic,4:51,https://music.youtube.com/watch?v=Tn973RCoBlU
Music(instrumental),"Beethoven: Symphony No. 5 in C Minor, Op. 67: I. Allegro con brio",Gewandhausorchester - Topic,6:39,https://music.youtube.com/watch?v=zQU0Kkidr_c
Music(instrumental),Einaudi: Experience,Ludovico Einaudi,5:16,https://music.youtube.com/watch?v=DHjXaASKzqM
Music(instrumental),b l ū - the blue between,YIRUMA place / 이루마 official,4:00,https://music.youtube.com/watch?v=S4m_xRbBNRo
Music(instrumental),"Chopin: Waltz No. 12 in F Minor, Op. 70 No. 2",Stephen Hough,1:49,https://music.youtube.com/watch?v=55Wkp64RCrM
Music(instrumental),"Brahms: Variations & Fugue on a Theme by Handel, Op. 24: Theme. Aria (Live at Musikverein,...",Alfred Brendel - Topic,0:53,https://music.youtube.com/watch?v=ZzljQYISOj4
Music(instrumental),Meredi: White Flowers Take Their Bath,Mari Samuelsen,3:07,https://music.youtube.com/watch?v=SQpQgDp-T0Y
Music(instrumental),Staircase Sonata (Orchestral Works Version),Gabríel Ólafs,2:48,https://music.youtube.com/watch?v=ROxEWKmB5o0
Music(instrumental),Karaindrou: Eternity and a Day: II. By The Sea,Eleni Karaindrou - Topic,1:47,https://music.youtube.com/watch?v=qbfFSXQB-gw
Music(instrumental),"Debussy: Suite bergamasque, L. 75: III. Clair de lune (Arr. Roelens for Violin and Piano)",Daniel Lozakovich,4:39,https://music.youtube.com/watch?v=08llR0PyH8Q
Music(instrumental),Silvestrov: Bagatellen: III,Valentin Silvestrov - Topic,3:41,https://music.youtube.com/watch?v=jf6bCdyMUaA
Music(instrumental),Richter: Dream 11 / Moth-Like Stars (Pt. 2 / Faded),Max Richter,3:13,https://music.youtube.com/watch?v=Xh0Eo95IcPs
Music(instrumental),"Beethoven: An die ferne Geliebte, Op. 98 (Arr. Liszt for Solo Piano as S. 469) : No. 1, Auf dem...",Nobuyuki Tsujii Official Channel,2:27,https://music.youtube.com/watch?v=23n8PuZ77JI
Music(instrumental),Mother’s Broom (from 'Kiki's Delivery Service'),Joe Hisaishi Official,3:50,https://music.youtube.com/watch?v=bX1LnyP8Bso
Music(instrumental),Sunset Bird,YIRUMA place / 이루마 official,3:11,https://music.youtube.com/watch?v=abqtXkTJrG0
Music(instrumental),"Feed the Birds (From ""Mary Poppins"")",Lang Lang,4:22,https://music.youtube.com/watch?v=elwia0jJMRw
Music(instrumental),"Clara Schumann: ""Soirées musicales"", Op. 6: 2. Notturno",Anna Gourari - Topic,3:56,https://music.youtube.com/watch?v=4pNAnS5Po4g
Music(instrumental),Tabakova: Nocturne (Arr. for Solo Violin and Piano),Mari Samuelsen,3:47,https://music.youtube.com/watch?v=yiqELmVyjhA
Music(instrumental),Into The Wild,Sophie Hutchings,5:16,https://music.youtube.com/watch?v=-NdvBGRP61o
Music(instrumental),"Schumann: Kinderszenen, Op. 15: No. 7, Träumerei (Upright Piano)",Víkingur Ólafsson,2:42,https://music.youtube.com/watch?v=esQh5E6Qna4
Music(instrumental),John Williams: Schindler's List: Main Theme,Janine Jansen,3:44,https://music.youtube.com/watch?v=fqeTJip99OQ
Music(instrumental),A Sense Of Place,Sophie Hutchings,3:16,https://music.youtube.com/watch?v=Ysbxk0tfxqs
Music(instrumental),Satie: Gymnopédie No. 1. Lent et douloureux,Pascal Rogé - Topic,3:11,https://music.youtube.com/watch?v=Ey0l-4aGn34
Music(instrumental),"Vivaldi: Nulla in mundo pax, R.630: 1. Nulla in mundo pax sincera (From ""Shine"")",Emma Kirkby - Topic,2:48,https://music.youtube.com/watch?v=1Qc31vOIKPA
Music(instrumental),P. Nogueira: Bachianinha No. 1 (Arr. for Guitar by Sérgio Assad),Plínio Fernandes,3:21,https://music.youtube.com/watch?v=6xm4VRgUi3Y
Music(instrumental),"Chopin: Nocturne No. 6 in G Minor, Op. 15 No. 3",Daniel Barenboim,3:57,https://music.youtube.com/watch?v=JHtXMjX5Y8c
Music(instrumental),"Mozart: Piano Sonata No. 16 in C Major, K. 545 ""Sonata facile"": I. Allegro (Live at Parish...",Radu Lupu - Topic,4:25,https://music.youtube.com/watch?v=EE7UyCDW6CY
Music(instrumental),"Chopin: Berceuse in D-Flat Major, Op. 57",Ruth Slenczynska - Topic,5:40,https://music.youtube.com/watch?v=uIiOFFWrY3s
Music(instrumental),"Schumann: 12 Klavierstücke für kleine und große Kinder, Op. 85: No. 12, Abendlied (Arr. Rot...",Kian Soltani,3:09,https://music.youtube.com/watch?v=52BC6DVkKgE
Music(instrumental),"Scriabin: Piano Sonata No. 1 in F Minor, Op. 6: IV. Funebre (Prologue / Upright Version)",Julius Asal,1:31,https://music.youtube.com/watch?v=7Cq8FNsGFUQ
Music(instrumental),Sinesi: El abrazo,Zsófia Boros - Topic,3:20,https://music.youtube.com/watch?v=j4sNQv-dZas
Music(instrumental),An Amalgamation Waltz 1839,Joep Beving,4:07,https://music.youtube.com/watch?v=96Ct6EuXXc4
Music(instrumental),Badzura: Petites Vagues,Julius Asal,3:43,https://music.youtube.com/watch?v=DNY5cOcnTis
Music(instrumental),El cant dels ocells,Between Worlds - Topic,2:49,https://music.youtube.com/watch?v=6cEuDbDJeEE
Music(instrumental),"Tchaikovsky: Souvenir d'un lieu cher, Op. 42 (Arr. Lascae for Violin & String Orchestra) : III....",Janine Jansen,3:53,https://music.youtube.com/watch?v=wDV7gRhUaYw
Music(instrumental),"Tchaikovsky: The Nutcracker, Op. 71, Act II: No. 14, Pas de deux: Var. 2. Dance of the Sugar...",Mariinsky Orchestra - Topic,2:06,https://music.youtube.com/watch?v=40O5bDtdwho
Music(instrumental),"Mozart: Requiem, K. 626: IIIf. Lacrimosa (Recorded 1975)",Berliner Philharmoniker,3:22,https://music.youtube.com/watch?v=okGYcl7hTSQ
Music(instrumental),"J.S. Bach: The Well-Tempered Clavier I, Prelude & Fugue No. 1 in C Major, BWV 846: I. Prelude",Lang Lang,2:20,https://music.youtube.com/watch?v=ChdQ3xmTh8s
Music(instrumental),Lawson: fields of forever,Chad Lawson,4:51,https://music.youtube.com/watch?v=UXTjP3JMXUI
Music(instrumental),T. Hume: A Question,Anja Lechner,2:07,https://music.youtube.com/watch?v=hhVWo0z8610
Music(instrumental),"J.S. Bach: ""Was mir behagt, ist nur die muntre Jagd"" Cantata, BWV 208: 9. Schafe können sicher...",Lucas & Arthur Jussen,4:16,https://music.youtube.com/watch?v=qHRKhSiNg6w
Music(instrumental),"Debussy: 2 Arabesques, CD 74: No. 1 in E Major. Andantino con moto",Zoltán Kocsis - Topic,3:54,https://music.youtube.com/watch?v=4WcO0J3PTOs
Music(instrumental),Satie: Gnossienne No. 1 (Arr. Kleynjans),ギタリスト村治佳織のCAVATINA Channel,3:41,https://music.youtube.com/watch?v=OnFuSC0Q_Ig
Music(instrumental),"Debussy: Rêverie, CD 76",Bruce Liu ,4:20,https://music.youtube.com/watch?v=GHKz33G4p1A
Music(instrumental),Gurdjieff: Woman's Prayer,Anja Lechner,1:59,https://music.youtube.com/watch?v=fzh1M8-ODL4
Music(instrumental),ICARUS (Orchestral Version),Tony Ann,2:51,https://music.youtube.com/watch?v=3VFTIURr4m0
Music(instrumental),"Field: Nocturne No. 2 in C Minor, H. 25",Alice Sara Ott,3:07,https://music.youtube.com/watch?v=daKbEsZoWgc
Music(instrumental),"Jóhannsson: By the Roes, and by the Hinds of the Field",Jóhann Jóhannsson,2:39,https://music.youtube.com/watch?v=UPihtBiimDs
Music(instrumental),Ocean Sonata For Harp,Gabríel Ólafs,2:00,https://music.youtube.com/watch?v=OyhMQOlcO6I
Music(instrumental),"J.S. Bach: Cello Suite No. 2 in D Minor, BWV 1008: III. Courante",Anja Lechner,2:14,https://music.youtube.com/watch?v=3v0skmDLy4c
Music(instrumental),Monk: Ellis Island,Bruce Brubaker - Topic,3:03,https://music.youtube.com/watch?v=-E3LUbOBYlY
Music(instrumental),Love Song (After JE) (Edit),Max Richter,4:42,https://music.youtube.com/watch?v=k95DhfWstxE
Music(instrumental),Silver Light,sebrochford,4:56,https://music.youtube.com/watch?v=YZMaXIw1OjM
Music(instrumental),"T. Newman: Theme (From ""American Beauty"")",Daniil Trifonov,3:52,https://music.youtube.com/watch?v=sFGyPA-2iwc
Music(instrumental),"Prokofiev: 5 Mélodies for Violin and Piano, Op. 35a: No. 2, Lento, ma non troppo",Duo Gazzana,2:28,https://music.youtube.com/watch?v=w0UneeNH13k
Music(instrumental),Khachaturian: Adagio of Spartacus and Phrygia (Transcr. E. Khachaturian for Solo Piano) (Excerpt),Jean-Yves Thibaudet,1:48,https://music.youtube.com/watch?v=W0HeM7Fcpdk
Music(instrumental),Gjeilo: Winter Light (Version for Saxophone & Ensemble),Jess Gillam,2:51,https://music.youtube.com/watch?v=7Z2qE8nDm0Y
Music(instrumental),Massenet: Méditation from Thaïs,Nicola Benedetti,5:38,https://music.youtube.com/watch?v=3Vqnq77X47A
Music(instrumental),"Schubert: Schwanengesang, D. 957: IV. Ständchen in D Minor (Arr. for Violin and Piano)",Anne-Sophie Mutter,4:32,https://music.youtube.com/watch?v=_5Cr_0msHBU
Music(instrumental),"Rachmaninoff: Rhapsody on a Theme of Paganini, Op. 43: Variation No. 18 Andante cantabile",Daniil Trifonov,2:55,https://music.youtube.com/watch?v=Ni70oNgaOI0
Music(instrumental),"J.S. Bach: Orchestral Suite No. 3 in D Major, BWV 1068: Air ""on the G String""",Orpheus Chamber Orchestra - Topic,4:44,https://music.youtube.com/watch?v=QeDvtf2zlO0
Music(instrumental),Pärt: Für Alina,Alexander Malter - Topic,10:48,https://music.youtube.com/watch?v=Zj0sd4i_2AE
Music(instrumental),"Byrd: Ave verum corpus, T. 92",Owain Park - Topic,4:29,https://music.youtube.com/watch?v=_BM-XwOiyaY
Music(instrumental),Uematsu: Merregnon: Heart of Ice: Sliding Through the Snow (Single Version),London Symphony Orchestra,1:36,https://music.youtube.com/watch?v=xYBZotz3r2Q
Music(instrumental),Khachaturian: Masquerade (Suite): 1. Waltz (Excerpt),London Symphony Orchestra,2:11,https://music.youtube.com/watch?v=EUEAX_mmEPI
Music(instrumental),"Handel: Suite No. 2 in F Major, HWV 427 - I. Adagio",Seong-Jin Cho,2:37,https://music.youtube.com/watch?v=Vb3wnw1n7AE
Music(instrumental),Love Story,Alberto Giurioli,3:24,https://music.youtube.com/watch?v=AaNE6ONI7Ts
Music(instrumental),"Debussy: Beau soir, L. 6 (L. 84) (Arr. Heifetz for Violin and Piano)",Lisa Batiashvili,2:15,https://music.youtube.com/watch?v=TOo-FqQ4JtY
Music(instrumental),"The Last of Us Theme (Arr. Mugi for Guitar) (From ""The Last of Us"")",ギタリスト村治佳織のCAVATINA Channel,4:27,https://music.youtube.com/watch?v=B1h7PCzqnfg
Music(instrumental),Promise Of Sun,Sophie Hutchings,3:01,https://music.youtube.com/watch?v=K6cQgKEHcqg
Music(instrumental),"Elgar: Salut d'amour, Op. 12 (Arr. Viola & Piano)",Nobuko Imai - Topic,2:53,https://music.youtube.com/watch?v=RQxVflQK7lM
Music(instrumental),Jeux Interdits: Spanish Romance (Arr. for Guitar and Orchestra),milosguitar,3:03,https://music.youtube.com/watch?v=WZ5ewKnIesE
Music(instrumental),A Daydream in Camelot,Stephan Moccio,2:41,https://music.youtube.com/watch?v=SypsAxZTtM0
Music(instrumental),"Boccherini: String Quintet in E Major, Op. 11/5, G. 275: III. Minuetto – Trio – Minuetto da...",Steven Isserlis - Topic,3:35,https://music.youtube.com/watch?v=2tKR9knc0Y0
Music(instrumental),Berriedale on Hoy,Erland Cooper,2:06,https://music.youtube.com/watch?v=V8FbjiB6a9k
Music(instrumental),The Tearjerker Returns,Chilly Gonzales,3:33,https://music.youtube.com/watch?v=ehcvRO2LdIA
Music(instrumental),Fracture,Stephan Moccio,3:28,https://music.youtube.com/watch?v=3rZQeTNPAeA
Music(instrumental),"Jóhannsson: The Theory of Everything (From ""The Theory of Everything"") [Performed on Piano]",Alice Sara Ott,1:32,https://music.youtube.com/watch?v=mINDJtGbuH4
Music(instrumental),Mühlrad: Viola's Theme (Music For Theatre),Jacob Muhlrad,3:10,https://music.youtube.com/watch?v=1bC502e5er0
Music(instrumental),"Garbarek, Morales: Parce Mihi Domine",Jan Garbarek,6:43,https://music.youtube.com/watch?v=0OG3aOQL1YI
Music(instrumental),"Rachmaninoff: 12 Songs, Op. 21: V. Lilacs (Transcr. Rachmaninoff for Solo Piano)",Sergei Babayan - Topic,3:02,https://music.youtube.com/watch?v=6wCXLCvSZOs
Music(instrumental),Price: Adoration,Randall Goosby,3:39,https://music.youtube.com/watch?v=EQqaQV64Klo
Music(instrumental),Sakura Sakura,Daigo Hanada,4:06,https://music.youtube.com/watch?v=CdJtQkO_1HA
Music(instrumental),"6 Melodies, Op. 4: No. 2. Melodie in C-Sharp Minor",Betty Ann Miller - Topic,1:48,https://music.youtube.com/watch?v=WYvnmNapzt0
Music(instrumental),Whatever You Love You Are,Sophie Hutchings,2:41,https://music.youtube.com/watch?v=RGiqkmao8VY
Music(instrumental),F. Couperin: Les baricades mystérieuses (Arranged By Göran Söllscher),Björn Erik Berglund,2:44,https://music.youtube.com/watch?v=jNNS81OdCwA
Music(instrumental),"Coleridge-Taylor: Petite Suite de Concert, Op. 77 - III. Un sonnet d'amour",Chineke! Orchestra - Topic,3:40,https://music.youtube.com/watch?v=fTX72OcNKsY
Music(instrumental),Of Wonder,Chad Lawson,4:52,https://music.youtube.com/watch?v=kg_jpCuHUto
Music(instrumental),"Fauré: Dolly Suite, Op. 56: I. Berceuse",Katia & Marielle Labeque Official,2:57,https://music.youtube.com/watch?v=Oxd4mC1pKF4
Music(instrumental),Pink Sakura,Eunike Tanzil,3:19,https://music.youtube.com/watch?v=y5dWqCbmJIA
Music(instrumental),"Llobet: Catalan Folk Songs: No. 6, Lo fill del rei",Raphaël Feuillâtre - Topic,1:17,https://music.youtube.com/watch?v=RvkX8--lSNM
Music(instrumental),ulysse,Jean-Michel Blais,3:16,https://music.youtube.com/watch?v=rGziXnMC4Do
Music(instrumental),"Schumann: Kinderszenen, Op. 15: Träumerei (Arr. Lewin for Guitar)",milosguitar,3:36,https://music.youtube.com/watch?v=a-SUjLaVtMc
Music(instrumental),A World of Abstractions,Luke Howard - Topic,1:05,https://music.youtube.com/watch?v=JrD5hPc6BWw
Music(instrumental),"Field: Nocturne No. 14 in G Major, H. 58",Alice Sara Ott,2:34,https://music.youtube.com/watch?v=iVkrkB04GZk
Music(instrumental),Karaindrou: To Vals Tou Gamou,"Camerata, Friends Of Music Orchestra - Topic",3:19,https://music.youtube.com/watch?v=Z8mqM-lFRrI
Music(instrumental),"J.S. Bach: Herz und Mund und Tat und Leben, Cantata BWV 147: Jesu, Joy of Man's Desiring (Arr....",Rafał Blechacz - Topic,4:04,https://music.youtube.com/watch?v=NA12NaFMF9o
Music(instrumental),"Sarasate: Carmen Fantasy, Op. 25 - I. Moderato",Hilary Hahn,3:15,https://music.youtube.com/watch?v=WTCrxRgMTUw
Music(instrumental),Traditional: Minuet No. 60 (Arr. Danish String Quartet),Danish String Quartet,2:40,https://music.youtube.com/watch?v=M3jcY3zmnjA
Music(instrumental),"J.S. Bach: Orgelbüchlein, BWV 599-644: Ich ruf zu dir, Herr Jesu Christ, BWV 639 (Arr. Thomas...",Fred Thomas - Topic,2:23,https://music.youtube.com/watch?v=x8V79U7S4hQ
Music(instrumental),"D. Scarlatti: Keyboard Sonata in F Minor, Kk. 466 (Upright Version)",Julius Asal,3:58,https://music.youtube.com/watch?v=lCLz4KoTmS0
Music(instrumental),Tabakova: Sun Triptych: II. Day,Roman Mints - Topic,4:29,https://music.youtube.com/watch?v=Riexus-FQO8
Music(instrumental),Brouwer: An Idea: An Idea,Zsófia Boros - Topic,2:39,https://music.youtube.com/watch?v=WIGENiXJpSU
Music(instrumental),"Schubert: Du bist die Ruh', D. 776 (Transc. Soltani for Cello & Piano)",Kian Soltani,4:22,https://music.youtube.com/watch?v=FeKAaZHUOrg
Music(instrumental),"Grieg: Peer Gynt Suite No. 1, Op. 46 (Version for Piano 4 Hands): I. Morning Mood",Lucas Jussen - Topic,3:49,https://music.youtube.com/watch?v=uRFZxOGEuYs
Music(instrumental),"Beach: By the Still Waters, Op. 114 (Arr. Lewin for 2 Guitars)",Alexandra Whittingham,3:04,https://music.youtube.com/watch?v=rOK3qLjVWk8
Music(instrumental),"Chopin: Berceuse in D-Flat Major, Op. 57",Benjamin Grosvenor,4:29,https://music.youtube.com/watch?v=53GBa2uGSl8
Music(instrumental),Vaughan Williams: The Lark Ascending - I. Andante sostenuto,Hyeyoon Park - Topic,6:13,https://music.youtube.com/watch?v=1onk8l4bfrM
Music(instrumental),Coates: By the Sleepy Lagoon,Stephen Hough,3:20,https://music.youtube.com/watch?v=do2ot233uj8
Music(instrumental),aura,Lara Somogyi,3:33,https://music.youtube.com/watch?v=B7KnOgnXcaQ
Music(instrumental),"Tchaikovsky: The Nutcracker, Op. 71 (Suite Arr. Pletnev for Piano): II. Dance of the Sugar Plum...",Andrey Gugnin - Topic,2:22,https://music.youtube.com/watch?v=Zil4ygna5Is
Music(instrumental),"Kreisler: Caprice viennois, Op. 2 (Arr. Fougeray for Violin and Guitar): II. Andante con moto",María Dueñas Violin,1:41,https://music.youtube.com/watch?v=VfSjE3U7ApI
Music(instrumental),"Joe Hisaishi: Merry Go Round of Life (Arr. Koseki) (From ""Howl's Moving Castle"")",ギタリスト村治佳織のCAVATINA Channel,4:03,https://music.youtube.com/watch?v=Aa_sxDxA_yA
Music(instrumental),Schoenberg: Notturno for Strings and Harp,Daniel Hope,3:13,https://music.youtube.com/watch?v=bmzOtPqIt9s
Music(instrumental),"Rota: Il padrino (for Harp) (""Theme to The Godfather"")",Naoko Yoshino - Topic,3:32,https://music.youtube.com/watch?v=Y-N70kb2wj8
Music(instrumental),A Colour Field (Holocene),Max Richter,2:26,https://music.youtube.com/watch?v=NNrYfk4xxmA
Music(instrumental),The Sun Shall Not Smite Thee,Vox Clamantis - Topic,3:06,https://music.youtube.com/watch?v=IT9WEuB_Gms
Music(instrumental),The Turning Year,Roger Eno,2:41,https://music.youtube.com/watch?v=OZpYsP38ZVI
Music(instrumental),"Field: Nocturne in B Flat Major, H. 37 (Version for Harp)",Magdalena Hoffmann,2:59,https://music.youtube.com/watch?v=UxRrJCYNcIA
Music(instrumental),Kancheli: Piano Piece No. 23,Anna Gourari - Topic,1:24,https://music.youtube.com/watch?v=FK5buN0y6P0
Music(instrumental),"Brahms: 21 Hungarian Dances, WoO 1: Hungarian Dance No. 5 in G Minor. Allegro (Orch. Schmeling)",Herbert von Karajan,2:19,https://music.youtube.com/watch?v=PyCHVikkt-E
Music(instrumental),The Stars Will Dim (Nowhere Sessions),Snorri Hallgrímsson,2:42,https://music.youtube.com/watch?v=qjeFaWpZqlU
Music(instrumental),"Weinberg: Aria, Op. 9",Deutsche Kammerphilharmonie Bremen - Topic,3:39,https://music.youtube.com/watch?v=Nhz0w8f3S6k
Music(instrumental),"J.S. Bach: Orgelbüchlein, BWV 599-644 - Ich ruf zu dir, Herr Jesu Christ, BWV 639 (Arr. Abiton...",Raphaël Feuillâtre - Topic,3:15,https://music.youtube.com/watch?v=6kKNnrAnf6M
Music(instrumental),"Szymanowski: 9 Preludes, Op. 1 - No. 1 in B Minor. Andante ma non troppo",Krystian Zimerman - Topic,2:57,https://music.youtube.com/watch?v=xvJNPFiUWhY
Music(instrumental),Coleridge-Taylor: Deep River I,Ashley Jackson,4:48,https://music.youtube.com/watch?v=AO3p6mdzKNo
Music(instrumental),Jóhannsson: Flight from the City,Jóhann Jóhannsson,6:32,https://music.youtube.com/watch?v=aXlx-YnvgKU
Music(instrumental),Pärt: Spiegel im Spiegel (Version for Violin & Piano),Vladimir Spivakov - Topic,10:36,https://music.youtube.com/watch?v=srAeCvEJbho
Music(instrumental),"Closing (Live at the Arvo Pärt Centre, Estonia / 2022)",Luke Howard - Topic,1:45,https://music.youtube.com/watch?v=UI3KwEAs44I
Music(instrumental),Succession S3 Official Soundtrack | Andante Agitato – End Credits – “The Raid”,Nicholas Britell,4:10,https://music.youtube.com/watch?v=XFz1ifO67TE
Music(instrumental),"Andante Moderato - End Credits - ""Amen""",Nicholas Britell,2:51,https://music.youtube.com/watch?v=QYO8czph0pI
Music(instrumental),St Patrick's Day (Quick March of the Irish Guards),Commonwealth Marches,1:00,https://music.youtube.com/watch?v=E0uypadYPWQ
Music(instrumental),"Peer Gynt Suite No. 1, Op. 46: I. Morning Mood",David Parry - Topic,3:45,https://music.youtube.com/watch?v=UL_b-w8IUUQ
Music(instrumental),"Symphony No. 5 in C Minor, Op. 67 ""Fate"": I. Allegro con brio",David Parry - Topic,7:29,https://music.youtube.com/watch?v=Ht2rcrCFf_8
Music(instrumental),"The Four Seasons, Violin Concerto No. 1 in E Major, RV 269 ""Spring"": I. Allegro",David Parry - Topic,3:13,https://music.youtube.com/watch?v=PRR_g9nJpzg
Music(instrumental),"Adagio for Strings, Op. 11",David Parry - Topic,8:23,https://music.youtube.com/watch?v=ezAaIOGkfAY
Music(instrumental),"Die Walkürie, WWV 86b, Act III: Ride of the Valkyries",David Parry - Topic,5:12,https://music.youtube.com/watch?v=D5IL2lKYRNw
Music(instrumental),"Nocturnes, Op. 9: No. 2, Andante in E-Flat Major",Finghin Collins - Topic,4:54,https://music.youtube.com/watch?v=XYm_0chFmqE
Music(instrumental),"Canon and Gigue in D Major, P. 37: I. Canon",David Parry - Topic,3:31,https://music.youtube.com/watch?v=e6KuBosaVzc
Music(instrumental),Carmina Burana: O Fortuna,David Parry - Topic,2:43,https://music.youtube.com/watch?v=VImp5EcN5TQ
Music(instrumental),"Orchestral Suite No. 3 in D Major, BWV 1068: II. Air",David Parry - Topic,4:15,https://music.youtube.com/watch?v=dLBQZppV7ZM
Music(instrumental),"The Planets, Op. 32: IV. Jupiter, the Bringer of Jollity",David Parry - Topic,7:46,https://music.youtube.com/watch?v=IBLghXA8NCk
Music(instrumental),"Suite bergamasque, L. 75: III. Clair de lune",Finghin Collins - Topic,5:14,https://music.youtube.com/watch?v=eNyLZkBzn4Y
Music(instrumental),"Nabucco, Act III: Chorus of the Hebrew Slaves ""Va pensiero, sull'ali dorate""",London Philharmonic Orchestra,5:00,https://music.youtube.com/watch?v=3NDCF_9wUas
Music(instrumental),"Piano Concerto No. 21 in C Major, K. 467: II. Andante",Wolfgang Amadeus Mozart - Topic,7:18,https://music.youtube.com/watch?v=VKLsqnJf160
Music(instrumental),"Brandenburg Concerto No. 3 in G Major, BWV 1048: III. Allegro",David Parry - Topic,5:45,https://music.youtube.com/watch?v=GA1ejtj6G3o
Music(instrumental),"Thaïs, Act II: Méditation",David Parry - Topic,5:02,https://music.youtube.com/watch?v=mlNQhKOmPSs
Music(instrumental),"Symphony No. 9 in E Minor, Op. 95 ""From the New World"": II. Largo",David Parry - Topic,12:50,https://music.youtube.com/watch?v=U6pdONaLtK0
Music(instrumental),"The Blue Danube, Op. 314",David Parry - Topic,5:52,https://music.youtube.com/watch?v=fPC9N7IhVps
Music(instrumental),"21 Hungarian Dances, WoO 1: No. 5, Allegro in F-Sharp Minor",David Parry - Topic,2:39,https://music.youtube.com/watch?v=g_aCxaOkzBY
Music(instrumental),"Swan Lake, Op. 20a: No. 1, Scène",David Parry - Topic,3:02,https://music.youtube.com/watch?v=68vMmrhJamY
Music(instrumental),3 Gymnopédies: I. Lent et douloureux,Finghin Collins - Topic,3:41,https://music.youtube.com/watch?v=nKr-Zhrkfcg
Music(instrumental),"Requiem in D Minor, K. 626: III. Sequenz, No. 6, Lacrymosa",London Philharmonic Orchestra,2:50,https://music.youtube.com/watch?v=28TOLw9dluY
Music(instrumental),"Bagatelle in A Minor, WoO 59 ""Für Elise""",Finghin Collins - Topic,3:17,https://music.youtube.com/watch?v=YynGFXCTmzw
Music(instrumental),"Pomp and Circumstance, Op. 39: No. 1, March in D Major",David Parry - Topic,5:46,https://music.youtube.com/watch?v=8vTvpUUuH8A
Music(instrumental),Carmen Suite No. 2: II. Habanera,David Parry - Topic,2:13,https://music.youtube.com/watch?v=t2XjR_LGCfI
Music(instrumental),"Symphony No. 9 in D Minor, Op. 125 ""Choral"": IV. Presto (Excerpt: Ode to Joy)",London Philharmonic Orchestra,2:33,https://music.youtube.com/watch?v=9BbQW1Ohof8
Music(instrumental),"Les contes d'Hoffmann, Act III: Belle nuit, ô nuit d'amour ""Barcarolle"" (Instrumental Version)",David Parry - Topic,3:34,https://music.youtube.com/watch?v=ApeFrv0GNWk
Music(instrumental),Adagio in G Minor,David Parry - Topic,8:38,https://music.youtube.com/watch?v=DDt_ZD3X36Y
Music(instrumental),"Serenade in G Major, K. 525 ""Eine kleine Nachtmusik"": I. Allegro",David Parry - Topic,5:52,https://music.youtube.com/watch?v=xbxZQJvYKaY
Music(instrumental),Il barbiere di Siviglia: Overture,David Parry - Topic,6:59,https://music.youtube.com/watch?v=NVmmUb1begA
Music(instrumental),"Piano Sonata No. 14 in C-Sharp Minor, Op. 27 No. 2 ""Moonlight"": I. Adagio sostenuto",Finghin Collins - Topic,5:37,https://music.youtube.com/watch?v=eH3HEKfVCFk
Music(instrumental),"Má Vlast, JB 1:112: No. 2, Vltava (The Moldau River)",David Parry - Topic,11:27,https://music.youtube.com/watch?v=n40xajCOJoY
Music(instrumental),"String Quintet in E Major, G. 282: III. Minuetto - Trio",David Parry - Topic,3:49,https://music.youtube.com/watch?v=xvzThDwbDrQ
Music(instrumental),"Symphony No. 40 in G Minor, K. 550: I. Allegro molto",David Parry - Topic,7:03,https://music.youtube.com/watch?v=_27u6MlJ4ck
Music(instrumental),"Slavonic Dances, Op. 72: No. 2, Dumka (Allegretto grazioso)",David Parry - Topic,5:36,https://music.youtube.com/watch?v=GXZ0ziNZMB4
Music(instrumental),"Ave Maria, CG 89a",David Parry - Topic,2:35,https://music.youtube.com/watch?v=A9qTAbvtl9o
Music(instrumental),"Finlandia, Op. 26",David Parry - Topic,8:07,https://music.youtube.com/watch?v=epEBp8GFszc
Music(instrumental),"Piano Sonata No. 11 in A Major, K. 331: III. Alla turca",Finghin Collins - Topic,3:26,https://music.youtube.com/watch?v=jubrIb0cd7Y
Music(instrumental),"Die Zauberflöte (The Magic Flute) , K. 620: Overture",David Parry - Topic,6:25,https://music.youtube.com/watch?v=pqEHJqBSy6I
Music(instrumental),"Messiah, HWV 56, Pt. 2 Scene 7: No. 44, Hallelujah (Chorus)",David Parry - Topic,3:33,https://music.youtube.com/watch?v=CcXymWXyqis
Music(instrumental),"Peer Gynt Suite No. 1, Op. 46: IV. In the Hall of the Mountain King",David Parry - Topic,2:44,https://music.youtube.com/watch?v=gi5k9w_NGTA
Music(instrumental),"Pavane, Op. 50",David Parry - Topic,5:08,https://music.youtube.com/watch?v=mI58hDZUnbo
Music(instrumental),"Concerto for 2 Violins in D Minor, BWV 1043: I. Vivace",London Philharmonic Orchestra,3:39,https://music.youtube.com/watch?v=q4AiOf6Q5eo
Music(instrumental),"L'Arlesienne Suite No. 1, WD 40: I. Prelude",David Parry - Topic,6:54,https://music.youtube.com/watch?v=aaowBEYxA5E
Music(instrumental),"Radetzky March, Op. 228",David Parry - Topic,3:06,https://music.youtube.com/watch?v=CSPMUAVkn8c
Music(instrumental),"Egmont, Op. 84: Overture in F Minor",David Parry - Topic,7:58,https://music.youtube.com/watch?v=JHf0yQ7fUs4
Music(instrumental),Cavatina,Craig Ogden - Topic,4:00,https://music.youtube.com/watch?v=hSTtiOIQol0
Music(instrumental),"Concerto Grosso No. 8 in G Minor, Op. 6 ""Christmas Concerto"": II. Allegro",David Parry - Topic,2:28,https://music.youtube.com/watch?v=jWy2hZetCXY
Music(instrumental),"Vocalise, Op. 34",David Parry - Topic,5:51,https://music.youtube.com/watch?v=8Rt1RdBTwjw
Music(instrumental),"Messa da Requiem: IIa. Sequence, Dies irae - Tuba mirum",David Parry - Topic,3:55,https://music.youtube.com/watch?v=hsSnE1EDUW0
Music(instrumental),"Symphony No. 5, Pt. 3: IV. Adagietto",David Parry - Topic,11:01,https://music.youtube.com/watch?v=3kaz9-p5jcM
Music(instrumental),"Succession Main Theme (EXTENDED Version - ""Pirates"")",Jsco Music,2:36,https://music.youtube.com/watch?v=CH4wu_5CGTI
Music(instrumental),Succession Main Theme (EXTENDED Version - Piano + Strings + 808 + Beat),Jsco Music,4:14,https://music.youtube.com/watch?v=u0ovbZs4fHA
Music(instrumental),Hell March - Frank Klepacki & The Tiberian Sons LIVE (15/17),The Tiberian Sons,5:48,https://music.youtube.com/watch?v=TrqQxl5o3eg
English Songs,Non son degno di te,Gianni Morandi,3:04,https://music.youtube.com/watch?v=4ZY_RCpBAVo
English Songs,Believer,ImagineDragons,3:25,https://music.youtube.com/watch?v=Kx7B-XvmFtE
English Songs,Eclipse (From Dune: Original Motion Picture Soundtrack) (Trailer Version),Hans Zimmer,1:37,https://music.youtube.com/watch?v=2iDgjBxZ-Nc
English Songs,Breathe (In The Air),Pink Floyd,2:50,https://music.youtube.com/watch?v=Vddl9TK5RqU
English Songs,November Rain,Guns N' Roses,8:57,https://music.youtube.com/watch?v=y6lfK3bH4z8
English Songs,While My Guitar Gently Weeps (Live),PAUL McCARTNEY,5:58,https://music.youtube.com/watch?v=I3CDJmYx6yg
English Songs,David Gilmour - Rattle That Lock (Official Music Video),David Gilmour,4:30,https://music.youtube.com/watch?v=L1v7hXEQhsQ
English Songs,Pigs (Three Different Ones),Pink Floyd,11:26,https://music.youtube.com/watch?v=ZUEGeWYWbuU
English Songs,My Way (2008 Remastered),Frank Sinatra,4:37,https://music.youtube.com/watch?v=qQzdAsjWGPg
English Songs,Cheri Cheri Lady,Modern Talking Offiziell,3:46,https://music.youtube.com/watch?v=lyWqQ4KzlzQ
English Songs,Hymn for the Weekend,Coldplay,4:19,https://music.youtube.com/watch?v=H3Kzh6RrnMc
English Songs,Radioactive,ImagineDragons,3:07,https://music.youtube.com/watch?v=R_BO8C05XLA
English Songs,The Scientist,Coldplay,5:10,https://music.youtube.com/watch?v=gm-Y9idMMQ4
English Songs,Viva La Vida,Coldplay,4:02,https://music.youtube.com/watch?v=3a-q7vPa-UU
English Songs,Demons,ImagineDragons,2:58,https://music.youtube.com/watch?v=y4FiCl-tUJc
English Songs,Egzod & Maestro Chives - Royalty (ft. Neoni) | Trap | NCS - Copyright Free Music,NoCopyrightSounds,3:44,https://music.youtube.com/watch?v=C5fLxtJH2Qs
English Songs,Enemy (from the series Arcane League of Legends),ImagineDragons,2:54,https://music.youtube.com/watch?v=WmQHSkjgyDM
English Songs,[Private video],Unknown Artist,N/A,https://music.youtube.com/watch?v=l45AMf9QIV8
English Songs,Imagine Dragons - Thunder,ImagineDragons,3:25,https://music.youtube.com/watch?v=fKopy74weus
English Songs,Fairytale,AlexanderRybakVideo,3:03,https://music.youtube.com/watch?v=3zYCYpbVzHk
English Songs,Sharks,ImagineDragons,3:11,https://music.youtube.com/watch?v=jvwDooKFMLk
English Songs,Lost Sky - Fearless pt.II (feat. Chris Linton) | Trap | NCS - Copyright Free Music,NoCopyrightSounds,3:14,https://music.youtube.com/watch?v=S19UcWdOA-I
English Songs,Mortals,Warriyo,3:49,https://music.youtube.com/watch?v=jTfT_TeDNeA
English Songs,Duncan Laurence - Arcade (LIVE) | Netherlands 🇳🇱 | Grand Final | Winner of Eurovision 2019,Eurovision Song Contest,3:25,https://music.youtube.com/watch?v=R3D-r4ogr7s
English Songs,Bones,ImagineDragons,2:46,https://music.youtube.com/watch?v=V2SVRJ6dcE4
English Songs,[Private video],Unknown Artist,N/A,https://music.youtube.com/watch?v=Vopbz-exbfg
English Songs,Fearless Pt. II,Lost Sky,3:15,https://music.youtube.com/watch?v=JTjmZZ1W2ew
English Songs,Thunder,ImagineDragons,3:08,https://music.youtube.com/watch?v=9ssQKlLxBdQ
English Songs,Faded,Alan Walker,3:33,https://music.youtube.com/watch?v=pIWaVJPl0-c
English Songs,Royalty,Egzod,3:44,https://music.youtube.com/watch?v=7CNHJLh8omE
English Songs,[Private video],Unknown Artist,N/A,https://music.youtube.com/watch?v=tjcOSRpbl98
English Songs,Ignite,K-391,3:31,https://music.youtube.com/watch?v=I-CMtScCtc8
English Songs,Cradles,Sub Urban,3:30,https://music.youtube.com/watch?v=8_Cw99SiHvc
English Songs,joel sunny - luminary (official music video),Joel Sunny,3:14,https://music.youtube.com/watch?v=ZY1f7E_2iFA
English Songs,Devil,Barren Gates,2:56,https://music.youtube.com/watch?v=sIB7aDXKyyQ
English Songs,Past Lives,BØRNS,4:32,https://music.youtube.com/watch?v=eLOH-1uYt9w
English Songs,Crazy,BEAUZ,3:09,https://music.youtube.com/watch?v=VmkNFegq7VI
English Songs,Arcade,Duncan Laurence,3:04,https://music.youtube.com/watch?v=858GKxHbiUg
English Songs,Rise Up,TheFatRat,2:50,https://music.youtube.com/watch?v=6uVrP0Qj1cU
English Songs,Linked,Jim Yosef,3:44,https://music.youtube.com/watch?v=sJpzMSHKUqI
English Songs,Unknown Brain - Superhero (feat. Chris Linton) | Trap | NCS - Copyright Free Music,NoCopyrightSounds,3:02,https://music.youtube.com/watch?v=LHvYrn3FAgI
English Songs,Control,Unknown Brain,2:47,https://music.youtube.com/watch?v=ca7qBCX0mV4
English Songs,Grateful,NEFFEX,3:03,https://music.youtube.com/watch?v=dAgNwavNAHQ
English Songs,Enemy (From the series Arcane League of Legends),ImagineDragons,2:54,https://music.youtube.com/watch?v=vxa8ShIm9yw
English Songs,Invisible,Zeus X Crona,3:22,https://music.youtube.com/watch?v=VP195PgSyvw
English Songs,House of Memories,Panic! At The Disco,3:29,https://music.youtube.com/watch?v=bLm8g1gdcPc
English Songs,Dandelions,Ruth B.,3:54,https://music.youtube.com/watch?v=HZbsLxL7GeM
English Songs,Shape of You,Ed Sheeran,3:54,https://music.youtube.com/watch?v=xTvyyoF_LZY
English Songs,On & On,CARTOON,3:28,https://music.youtube.com/watch?v=3tv2zU654qw
English Songs,Unstoppable,Sia,3:38,https://music.youtube.com/watch?v=cfhwSpSDA9c
English Songs,Something Just Like This,The Chainsmokers,4:08,https://music.youtube.com/watch?v=owTWCbq_nSk
English Songs,Apologize,OneRepublic,3:29,https://music.youtube.com/watch?v=BbvRjLPCzJk
English Songs,I Ain't Worried,OneRepublic,2:29,https://music.youtube.com/watch?v=NF7oYY7Lhq4
English Songs,Shape Of You Indian Mix (Feat. Aditya Rao) | New Age Carnatic,IndianRaga,3:15,https://music.youtube.com/watch?v=MUXPL4rZL_E
English Songs,Here Comes The Sun (Remastered 2009),The Beatles,3:06,https://music.youtube.com/watch?v=xUNqsfFUwhY
English Songs,A Sky Full of Stars,Coldplay,4:28,https://music.youtube.com/watch?v=KWuyx6yZ21U
English Songs,Can You Hear The Music,Ludwig Goransson,1:51,https://music.youtube.com/watch?v=4JZ-o3iAJv4
English Songs,Something In The Way,Nirvana,3:53,https://music.youtube.com/watch?v=SVSjcS-N224
English Songs,Warriors,ImagineDragons,2:51,https://music.youtube.com/watch?v=1uBPOu3si5w
English Songs,Waves,ImagineDragons,3:46,https://music.youtube.com/watch?v=HQXPxR6yZoA
English Songs,2CELLOS - Pirates Of The Caribbean [OFFICIAL VIDEO],2CELLOS,3:09,https://music.youtube.com/watch?v=Xj3gU3jACe8
English Songs,Arabian Nights (2019),Will Smith,3:14,https://music.youtube.com/watch?v=XFF8-ywCQZk
English Songs,Free Bird,Lynyrd Skynyrd,9:08,https://music.youtube.com/watch?v=CqnU_sJ8V-E
English Songs,"Lynyrd Skynyrd ""Free Bird"" performed by The Classic Rock Show",The Classic Rock Show,9:55,https://music.youtube.com/watch?v=81rDsHT5Tkg
English Songs,Eleanor Rigby (Remastered 2015),The Beatles,2:06,https://music.youtube.com/watch?v=6gluNoLVKiQ
English Songs,Bella Ciao (Música Original de la Serie la Casa de Papel/ Money Heist),Manu Pilas,2:20,https://music.youtube.com/watch?v=Xm-hdblSa9E
English Songs,Imagine (Remastered 2010),johnlennon,3:08,https://music.youtube.com/watch?v=rAn-AWXtHv0
English Songs,Clarx & Shiah Maisel - Round n' Round | Electronic Rock | NCS - Copyright Free Music,NoCopyrightSounds,3:44,https://music.youtube.com/watch?v=WmyLI61sa9I
English Songs,Eyes Closed,ImagineDragons,3:21,https://music.youtube.com/watch?v=u6vcqH4eslQ
English Songs,On Top Of The World,ImagineDragons,3:13,https://music.youtube.com/watch?v=dj86haGuI8w
English Songs,Heroes Tonight,JanjiMusic,3:29,https://music.youtube.com/watch?v=wfnVfgeqsH0
English Songs,Homage,Mild High Club,2:58,https://music.youtube.com/watch?v=4u7kNELI76A
English Songs,Happy Nation,Ace of Base,4:16,https://music.youtube.com/watch?v=TADxdahPBUA
English Songs,Wind Of Change,Scorpions,5:13,https://music.youtube.com/watch?v=Ukh1zoiV304
English Songs,Let Her Go (Anniversary Edition),Passenger,4:17,https://music.youtube.com/watch?v=8a1eG-Y0u6Y
English Songs,Whatever It Takes,ImagineDragons,3:22,https://music.youtube.com/watch?v=cnRB2CgUpSw
English Songs,Wrecked,ImagineDragons,4:05,https://music.youtube.com/watch?v=0Y8Bk7qEyYE
English Songs,Believer (Kaskade Remix),Kaskade,3:11,https://music.youtube.com/watch?v=n5lmg1MX_sE
English Songs,Symphony,ImagineDragons,2:56,https://music.youtube.com/watch?v=UaF9OL8k10w
English Songs,Dream On,Aerosmith,4:28,https://music.youtube.com/watch?v=9PpXu-2fPHc
English Songs,Brother Louie,Modern Talking Offiziell,3:43,https://music.youtube.com/watch?v=b5EZp76Oxhw
English Songs,Time,Pink Floyd,6:54,https://music.youtube.com/watch?v=pgXozIma-Oc
English Songs,Gangsta's Paradise,Coolio,4:01,https://music.youtube.com/watch?v=-5qqrMu_AZc
English Songs,Symphony (Inner City Youth Orchestra of Los Angeles Version),ImagineDragons,3:09,https://music.youtube.com/watch?v=NqYbrnGUAws
English Songs,Skyfall,Adele,4:47,https://music.youtube.com/watch?v=LJzp_mDxaT0
English Songs,destroyer of worlds,Aaron Hibell,4:06,https://music.youtube.com/watch?v=D4SO-QvAdDw
English Songs,Butter,BANGTANTV,2:45,https://music.youtube.com/watch?v=NNCBq0JHXsU
English Songs,I Ain’t Worried - Acoustic,OneRepublic,2:30,https://music.youtube.com/watch?v=tMWB97xJZc4
English Songs,Counting Stars,OneRepublic,4:18,https://music.youtube.com/watch?v=_GWKkqNoyEA
English Songs,Natural,ImagineDragons,3:10,https://music.youtube.com/watch?v=pXu6JC6-d_o
English Songs,Imagine Dragons - Take Me To The Beach (Official Lyric Video),ImagineDragons,2:48,https://music.youtube.com/watch?v=7HLrviPwEaU
English Songs,Hotel California (2013 Remaster),Eagles,6:32,https://music.youtube.com/watch?v=BciS5krYL80
English Songs,Unstoppable,Sia,3:38,https://music.youtube.com/watch?v=I90KY3HNm0Y
English Songs,Another Brick In The Wall (Part 1),Pink Floyd,3:12,https://music.youtube.com/watch?v=-cfJqYtmmqA
English Songs,Another Brick In The Wall (Part 2),Pink Floyd,3:59,https://music.youtube.com/watch?v=zz8frWcmthA
English Songs,Sheep,Pink Floyd,10:19,https://music.youtube.com/watch?v=3GE-sfEbJ7I
English Songs,Dogs,Pink Floyd,17:06,https://music.youtube.com/watch?v=4QA30qkRYy8
English Songs,Perfect,Ed Sheeran,4:24,https://music.youtube.com/watch?v=ORrFJ63nlcA
English Songs,Gimme! Gimme! Gimme! (A Man After Midnight),ABBA,4:53,https://music.youtube.com/watch?v=pa2j0Bh83ms
English Songs,Enter Sandman,Metallica,5:32,https://music.youtube.com/watch?v=CHIWNDAwTqQ
English Songs,Round n' Round,Clarx,2:59,https://music.youtube.com/watch?v=MMZjGvxWK5U
English Songs,Us And Them,Pink Floyd,7:50,https://music.youtube.com/watch?v=GKiLEgAzFDQ
English Songs,Brain Damage,Pink Floyd,3:47,https://music.youtube.com/watch?v=BhYKN21olBw
English Songs,Eclipse (2023 Remaster),Pink Floyd,2:07,https://music.youtube.com/watch?v=k0xGxnZFNYs
English Songs,The Great Gig In The Sky,Pink Floyd,4:45,https://music.youtube.com/watch?v=mPGv8L3a_sY
English Songs,Little Dark Age,MGMT,5:00,https://music.youtube.com/watch?v=ETEg-SB01QY
English Songs,Buttercup,JackStauber,3:29,https://music.youtube.com/watch?v=e2qG5uwDCW4
English Songs,Comfortably Numb,Pink Floyd,6:23,https://music.youtube.com/watch?v=x-xTttimcNk
English Songs,David Gilmour  - Comfortably Numb  Live in Pompeii 2016,HDPinkFloyd,9:03,https://music.youtube.com/watch?v=LTseTg48568
English Songs,Now And Then,The Beatles,4:09,https://music.youtube.com/watch?v=fOjuqmZzul4
English Songs,Hey Jude,The Beatles,3:59,https://music.youtube.com/watch?v=uNv_Bu_L6C8
English Songs,"Pink Floyd - Another Brick In The Wall, Part Two (Official Music Video)",Pink Floyd,3:19,https://music.youtube.com/watch?v=HrxX9TBj2zY
English Songs,Another Brick In The Wall (Part 3),Pink Floyd,1:15,https://music.youtube.com/watch?v=c05aOG5p0P4
English Songs,Hey You,Pink Floyd,4:41,https://music.youtube.com/watch?v=soL8JK6kALc
English Songs,Nobody Home,Pink Floyd,3:23,https://music.youtube.com/watch?v=gNMGrkCNLVk
English Songs,Have A Cigar,Pink Floyd,5:08,https://music.youtube.com/watch?v=tbdpv7G_PPg
English Songs,Wish You Were Here,Pink Floyd,5:35,https://music.youtube.com/watch?v=hjpF8ukSrvk
English Songs,High Hopes,Pink Floyd,8:35,https://music.youtube.com/watch?v=lku1fP-LszI
English Songs,"Side 4, Pt. 4: Louder Than Words",Pink Floyd,6:37,https://music.youtube.com/watch?v=Cz08moQSg4E
English Songs,Comfortably Numb (Live At Pompeii 2016),David Gilmour,10:00,https://music.youtube.com/watch?v=1WjH4DmBz8o
English Songs,Hey You,Pink Floyd,4:41,https://music.youtube.com/watch?v=CF9INtYLCDs
English Songs,Marooned,Pink Floyd,5:31,https://music.youtube.com/watch?v=7aPjK-4LAWk
English Songs,On The Turning Away (2019 Remix),Pink Floyd,5:42,https://music.youtube.com/watch?v=HSOLTzh4BGY
English Songs,Fearless,Pink Floyd,6:09,https://music.youtube.com/watch?v=t3J_2R9rAp8
English Songs,High Hopes (Live At Pompeii 2016),David Gilmour,9:31,https://music.youtube.com/watch?v=E-llhWN2htY
English Songs,Daydream,Gunter Kallmann Choir - Topic,3:20,https://music.youtube.com/watch?v=gQzX7_PvQww
English Songs,Where'd All the Time Go?,Dr. Dog,3:55,https://music.youtube.com/watch?v=S0V9zehc_h8
English Songs,Learning To Fly,Pink Floyd,4:53,https://music.youtube.com/watch?v=vcFXq5-XFeE
English Songs,The Sound of Silence (Acoustic Version),Simon & Garfunkel,3:06,https://music.youtube.com/watch?v=-eqJGVl0Pr0
English Songs,Heaven (Classic Version),Bryan Adams,4:24,https://music.youtube.com/watch?v=Q2DOv1JX6VY
English Songs,Forever Young (2019 Remaster),Alphaville (official),3:46,https://music.youtube.com/watch?v=9OUurVdRGsc
English Songs,Have a Cigar,Pink Floyd,5:08,https://music.youtube.com/watch?v=Eq8ZiZ9xiLw
English Songs,Learning To Fly,Pink Floyd,5:16,https://music.youtube.com/watch?v=xP5jDMojJaQ
English Songs,Wish You Were Here,Pink Floyd,5:35,https://music.youtube.com/watch?v=4K6cvc27_CE
English Songs,Shine On You Crazy Diamond (Pts. 6-9),Pink Floyd,12:28,https://music.youtube.com/watch?v=ur4J7hhhto8
English Songs,Shine On You Crazy Diamond (Pts. 1-5) (Live At Pompeii 2016),David Gilmour,12:33,https://music.youtube.com/watch?v=Ya6gx6bAfxg
English Songs,Sweet Child O' Mine,Guns N' Roses,5:57,https://music.youtube.com/watch?v=oMfMUfgjiLg
English Songs,Thunderstruck,AC/DC,4:53,https://music.youtube.com/watch?v=lhg9bYNLvOg
English Songs,Smells Like Teen Spirit,Nirvana,5:02,https://music.youtube.com/watch?v=ljUtuoFt-8c
English Songs,Sweet Dreams (Are Made of This),Eurythmics,3:38,https://music.youtube.com/watch?v=i5_asj1BGFs
English Songs,Highway to Hell,AC/DC,3:29,https://music.youtube.com/watch?v=ikFFVfObwss
English Songs,Fade To Black (Remastered),Metallica,6:58,https://music.youtube.com/watch?v=9HZ_tx8aWuA
English Songs,Blackened (Remastered),Metallica,6:43,https://music.youtube.com/watch?v=IuIBSvh2aVk
English Songs,Through The Never,Metallica,4:05,https://music.youtube.com/watch?v=Cdru3Z_F_Sw
English Songs,Wherever I May Roam (Radio Edit),Metallica,5:01,https://music.youtube.com/watch?v=y3l6jwo2s0Q
English Songs,Master Of Puppets (Remastered),Metallica,8:36,https://music.youtube.com/watch?v=zbSjDVcZA2o
English Songs,Harvester of Sorrow (Remastered),Metallica,5:46,https://music.youtube.com/watch?v=-4AR4yC31uw
English Songs,Wish You Were Here (Live At Pompeii 2016),David Gilmour,5:19,https://music.youtube.com/watch?v=ivndfQP86xw
English Songs,Lost For Words,Pink Floyd,5:14,https://music.youtube.com/watch?v=FKROYzWRiQ0
English Songs,Echoes,Pink Floyd,23:35,https://music.youtube.com/watch?v=53N99Nim6WE
English Songs,Outside The Wall,Pink Floyd,1:47,https://music.youtube.com/watch?v=a4ZlWEQ17ns
English Songs,Coming Back to Life,Pink Floyd,6:20,https://music.youtube.com/watch?v=2sHZ4ny_SxU
English Songs,Somebody That I Used To Know,Gotye,4:05,https://music.youtube.com/watch?v=xOazTYPrt64
English Songs,Atom Heart Mother,Pink Floyd,23:42,https://music.youtube.com/watch?v=gLhYOdTSQHA
English Songs,Empty Spaces,Pink Floyd,2:08,https://music.youtube.com/watch?v=TYcVBd-gRlo
English Songs,What If,Creed,5:19,https://music.youtube.com/watch?v=qEnan3ovPkQ
English Songs,Brother Up In Heaven,Alan Parsons,4:03,https://music.youtube.com/watch?v=uLZO-y-tLFA
English Songs,Clarx & Shiah Maisel - Round n' Round [LYRIC VIDEO],Clarx,2:59,https://music.youtube.com/watch?v=661c_MmDDuU
English Songs,Pink Floyd - Coming Back To Life (PULSE Restored & Re-Edited),Pink Floyd,6:54,https://music.youtube.com/watch?v=WAUiHImStdI
English Songs,Like a Stone,Audioslave,4:54,https://music.youtube.com/watch?v=Wo7qhT7lBXw
English Songs,As Lights Fall,Alan Parsons,3:59,https://music.youtube.com/watch?v=atYZuPlqJC8
English Songs,Astronomy Domine (Live),Pink Floyd,4:22,https://music.youtube.com/watch?v=ax3HDaQmT04
English Songs,What Do You Want from Me (Live),Pink Floyd,4:11,https://music.youtube.com/watch?v=64Syct9V7AM
English Songs,A Great Day for Freedom (Live),Pink Floyd,4:33,https://music.youtube.com/watch?v=tckiPyCKZaQ
English Songs,"Paint It, Black",The Rolling Stones,3:23,https://music.youtube.com/watch?v=170sceOWWXc
English Songs,All I Have to Do Is Dream,The Everly Brothers,2:41,https://music.youtube.com/watch?v=56cKlT62wrQ
English Songs,Fat Old Sun,Pink Floyd,5:24,https://music.youtube.com/watch?v=A6-_w-hj7S4
English Songs,On the Turning Away,Pink Floyd,5:42,https://music.youtube.com/watch?v=EWWqnYLo-XM
English Songs,"Pink Floyd - The Doctor (Comfortably Numb) [The Wall, Work In Progress Pt. 2 1979] [2011 Remaster]",Pink Floyd,3:16,https://music.youtube.com/watch?v=1Fufvoda5Z8
English Songs,Pink Floyd - Interstellar Overdrive (Official Audio),Pink Floyd,9:41,https://music.youtube.com/watch?v=UFdn7LA56uE
English Songs,Hey Jude (Remastered 2015),The Beatles,7:06,https://music.youtube.com/watch?v=mQER0A0ej0M
English Songs,Guns N' Roses - Sweet Child O' Mine (Official Music Video),Guns N' Roses,5:03,https://music.youtube.com/watch?v=1w7OgIMMRc4
English Songs,Seven Nation Army,The White Stripes,3:53,https://music.youtube.com/watch?v=D_QLxj8jCF0
English Songs,Astronomia,Vicetone,3:19,https://music.youtube.com/watch?v=A5wBk9946Ew
English Songs,Paranoid (2009 Remaster),Black Sabbath,2:48,https://music.youtube.com/watch?v=m7nwbJLO9qo
English Songs,Paranoid Android (Remastered),Radiohead,6:24,https://music.youtube.com/watch?v=DExBeFCx3mQ
English Songs,We Didn't Start the Fire,Billy Joel,4:48,https://music.youtube.com/watch?v=55q6jrfBDdk
English Songs,Dancin (Krono Remix),Aaron Smith - Topic,3:19,https://music.youtube.com/watch?v=Mnu5-meFyfI
English Songs,I Want To Break Free (Single Remix),Queen Official,4:19,https://music.youtube.com/watch?v=8r3FaCiVFbA
English Songs,We Will Rock You (Remastered 2011),Queen Official,2:03,https://music.youtube.com/watch?v=tsTH9TpxU_Y
English Songs,Good Night (Remastered 2009),The Beatles,3:14,https://music.youtube.com/watch?v=Qp_djIuQ2Cw
English Songs,Blackbird (Remastered 2009),The Beatles,2:19,https://music.youtube.com/watch?v=Man4Xw8Xypo
English Songs,Layla,Derek & The Dominos - Topic,7:04,https://music.youtube.com/watch?v=TngViNw2pOo
English Songs,Telegraph Road,Dire Straits,14:19,https://music.youtube.com/watch?v=1TTAXENxbM0
English Songs,Sweet Home Alabama,Lynyrd Skynyrd,4:44,https://music.youtube.com/watch?v=iL-jC7XyLeo
English Songs,CCR - Fortunate Son (MOONLGHT Remix),MOONLGHT,1:38,https://music.youtube.com/watch?v=Fg2G8SIb7n4
English Songs,Free Bird,MOONLGHT,1:55,https://music.youtube.com/watch?v=mQ1ycOl48Hc
English Songs,Down Under,Men At Work,3:43,https://music.youtube.com/watch?v=hfmxO-HQ5rU
English Songs,As It Was,Harry Styles,2:48,https://music.youtube.com/watch?v=nujn6wbr-e8
English Songs,Piano Man,Billy Joel,5:39,https://music.youtube.com/watch?v=LLbew85exp0
English Songs,No Man's Land,AC/DC,3:40,https://music.youtube.com/watch?v=4kB397AeCHo
English Songs,Coldplay - The Scientist (Official 4K Video),Coldplay,4:26,https://music.youtube.com/watch?v=RB-RcX5DS5A
English Songs,Pink Floyd - Us And Them (Unreleased Extended Version),Scheppman,17:26,https://music.youtube.com/watch?v=t0H3yzKp5-k
English Songs,Спокойная ночь,Группа КИНО,6:23,https://music.youtube.com/watch?v=DiDUIfMk7go
English Songs,Baby Blue (Remastered 2010),Badfinger - Topic,3:38,https://music.youtube.com/watch?v=33oAuvbRg-c
English Songs,How Many Bugs,Teal Peel - Topic,2:34,https://music.youtube.com/watch?v=40vPJJYTniE
English Songs,Run Like Hell,Pink Floyd,4:24,https://music.youtube.com/watch?v=y_Ol8avCkXg
English Songs,Baby Blue (Remastered 2010),Badfinger - Topic,3:38,https://music.youtube.com/watch?v=33oAuvbRg-c
English Songs,DLZ,tvontheradio,3:49,https://music.youtube.com/watch?v=M1m3CNE6AGQ
English Songs,In the End,Linkin Park,3:37,https://music.youtube.com/watch?v=BLZWkjBXfN8
English Songs,That's Life (2008 Remastered),Frank Sinatra,3:08,https://music.youtube.com/watch?v=TnlPtaPxXfc
English Songs,Pink Floyd - Wearing The Inside Out (The Division Bell 30th Anniversary Official Audio),Pink Floyd,6:51,https://music.youtube.com/watch?v=f6ZuSNRF1fg
English Songs,Pink Floyd - The Dark Side of The Moon Live 1972 / 73,HDPinkFloyd,52:09,https://music.youtube.com/watch?v=HIGuTCY--xc
The Dark Side Of The Moon - Pink Floyd (Full Album) [Vinyl Rip] ℗ 1973,A1. Speak To Me - Pink Floyd (1973) [Vinyl Rip] HQ/HD,Analog Vinyl Records,1:10,https://music.youtube.com/watch?v=EAftisHxV7o
The Dark Side Of The Moon - Pink Floyd (Full Album) [Vinyl Rip] ℗ 1973,A2. Breathe (In The Air) - Pink Floyd (1973) [Vinyl Rip] HQ/HD,Analog Vinyl Records,2:46,https://music.youtube.com/watch?v=2WuIMDJ4t2Y
The Dark Side Of The Moon - Pink Floyd (Full Album) [Vinyl Rip] ℗ 1973,A3. On The Run - Pink Floyd (1973) [Vinyl Rip] HQ/HD,Analog Vinyl Records,3:41,https://music.youtube.com/watch?v=kNwlRU-lK9A
The Dark Side Of The Moon - Pink Floyd (Full Album) [Vinyl Rip] ℗ 1973,A4. Time - Pink Floyd (1973) [Vinyl Rip] HQ/HD,Analog Vinyl Records,6:58,https://music.youtube.com/watch?v=4DkYMqpAwcg
The Dark Side Of The Moon - Pink Floyd (Full Album) [Vinyl Rip] ℗ 1973,A5. The Great Gig In The Sky - Pink Floyd [Vinyl Rip] ℗ 1973,Analog Vinyl Records,4:40,https://music.youtube.com/watch?v=0A8UhD3A7pM
The Dark Side Of The Moon - Pink Floyd (Full Album) [Vinyl Rip] ℗ 1973,B1. Money - Pink Floyd [Vinyl Rip] ℗ 1973,Analog Vinyl Records,6:31,https://music.youtube.com/watch?v=Y9LfqsFQeqI
The Dark Side Of The Moon - Pink Floyd (Full Album) [Vinyl Rip] ℗ 1973,B2. Us And Them - Pink Floyd [Vinyl Rip] ℗ 1973,Analog Vinyl Records,7:49,https://music.youtube.com/watch?v=174AXbgIjg4
The Dark Side Of The Moon - Pink Floyd (Full Album) [Vinyl Rip] ℗ 1973,B3. Any Colour You Like - Pink Floyd [Vinyl Rip] ℗ 1973,Analog Vinyl Records,3:27,https://music.youtube.com/watch?v=WR1Xi5PgYDI
The Dark Side Of The Moon - Pink Floyd (Full Album) [Vinyl Rip] ℗ 1973,B4. Brain Damage - Pink Floyd [Vinyl Rip] ℗ 1973,Analog Vinyl Records,3:46,https://music.youtube.com/watch?v=fVB3qlvQzOY
The Dark Side Of The Moon - Pink Floyd (Full Album) [Vinyl Rip] ℗ 1973,B5. Eclipse - Pink Floyd [Vinyl Rip] ℗ 1973,Analog Vinyl Records,2:13,https://music.youtube.com/watch?v=nJj-0vOSIpg
The ENTIRE Pink Floyd Discography.,Astronomy Domine,Pink Floyd,4:12,https://music.youtube.com/watch?v=NNa1RcqeRcM
The ENTIRE Pink Floyd Discography.,Lucifer Sam,Pink Floyd,3:08,https://music.youtube.com/watch?v=-TJrey_7u3Y
The ENTIRE Pink Floyd Discography.,Matilda Mother,Pink Floyd,3:09,https://music.youtube.com/watch?v=EpbrfEgx16o
The ENTIRE Pink Floyd Discography.,Flaming,Pink Floyd,2:47,https://music.youtube.com/watch?v=tLXVtTtlfko
The ENTIRE Pink Floyd Discography.,Pow R. Toc H.,Pink Floyd,4:27,https://music.youtube.com/watch?v=0IOG1_bbYn4
The ENTIRE Pink Floyd Discography.,Take Up Thy Stethoscope and Walk,Pink Floyd,3:07,https://music.youtube.com/watch?v=ZkBA6nQUMcA
The ENTIRE Pink Floyd Discography.,Interstellar Overdrive,Pink Floyd,9:41,https://music.youtube.com/watch?v=FeJ_9Q8JUlc
The ENTIRE Pink Floyd Discography.,The Gnome,Pink Floyd,2:14,https://music.youtube.com/watch?v=6Y2Rs2llbAc
The ENTIRE Pink Floyd Discography.,Chapter 24,Pink Floyd,3:43,https://music.youtube.com/watch?v=zKN9fwU9BUc
The ENTIRE Pink Floyd Discography.,The Scarecrow,Pink Floyd,2:12,https://music.youtube.com/watch?v=dfFrKks87OA
The ENTIRE Pink Floyd Discography.,Bike,Pink Floyd,3:22,https://music.youtube.com/watch?v=hygQfjzUyHI
The ENTIRE Pink Floyd Discography.,Let There Be More Light,Pink Floyd,5:37,https://music.youtube.com/watch?v=Bq8Xa09zyu4
The ENTIRE Pink Floyd Discography.,Remember a Day,Pink Floyd,4:33,https://music.youtube.com/watch?v=8-HPgLAHR7E
The ENTIRE Pink Floyd Discography.,Set the Controls for the Heart of the Sun,Pink Floyd,5:28,https://music.youtube.com/watch?v=gUqR7263nGk
The ENTIRE Pink Floyd Discography.,Corporal Clegg,Pink Floyd,4:13,https://music.youtube.com/watch?v=tjyF6pXmsQo
The ENTIRE Pink Floyd Discography.,A Saucerful of Secrets,Pink Floyd,11:57,https://music.youtube.com/watch?v=oWVn_9wT1cM
The ENTIRE Pink Floyd Discography.,See-Saw,Pink Floyd,4:37,https://music.youtube.com/watch?v=D3bXg0-j-y0
The ENTIRE Pink Floyd Discography.,Jugband Blues,Pink Floyd,3:01,https://music.youtube.com/watch?v=ULJeUazy6dc
The ENTIRE Pink Floyd Discography.,Cirrus Minor,Pink Floyd,5:18,https://music.youtube.com/watch?v=Bg0llaVk_Uw
The ENTIRE Pink Floyd Discography.,The Nile Song,Pink Floyd,3:27,https://music.youtube.com/watch?v=zESNf0TMt80
The ENTIRE Pink Floyd Discography.,Crying Song,Pink Floyd,3:34,https://music.youtube.com/watch?v=g-DmNIkVkgE
The ENTIRE Pink Floyd Discography.,Up the Khyber,Pink Floyd,2:13,https://music.youtube.com/watch?v=YHnp6MCrPl0
The ENTIRE Pink Floyd Discography.,Green Is the Colour,Pink Floyd,2:59,https://music.youtube.com/watch?v=r8k7xt8YaK0
The ENTIRE Pink Floyd Discography.,Cymbaline,Pink Floyd,4:50,https://music.youtube.com/watch?v=z-PQt4HXaw0
The ENTIRE Pink Floyd Discography.,Party Sequence,Pink Floyd,1:09,https://music.youtube.com/watch?v=yAuAlDdl2qw
The ENTIRE Pink Floyd Discography.,Main Theme,Pink Floyd,5:27,https://music.youtube.com/watch?v=xwNXtK_8uQw
The ENTIRE Pink Floyd Discography.,Ibiza Bar,Pink Floyd,3:20,https://music.youtube.com/watch?v=NWNph6A-3QM
The ENTIRE Pink Floyd Discography.,More Blues,Pink Floyd,2:13,https://music.youtube.com/watch?v=HKlqULwWveM
The ENTIRE Pink Floyd Discography.,Quicksilver,Pink Floyd,7:14,https://music.youtube.com/watch?v=VxzwZsvmTJo
The ENTIRE Pink Floyd Discography.,A Spanish Piece,Pink Floyd,1:06,https://music.youtube.com/watch?v=8JmwHmvsVfM
The ENTIRE Pink Floyd Discography.,Dramatic Theme,Pink Floyd,2:16,https://music.youtube.com/watch?v=30w4pKCUNDQ
The ENTIRE Pink Floyd Discography.,Astronomy Domine (Live),Pink Floyd,8:32,https://music.youtube.com/watch?v=52XpDPu-csY
The ENTIRE Pink Floyd Discography.,"Careful with That Axe, Eugene (Live)",Pink Floyd,8:50,https://music.youtube.com/watch?v=Qnwo6NtLe30
The ENTIRE Pink Floyd Discography.,Set the Controls for the Heart of the Sun (Live),Pink Floyd,9:28,https://music.youtube.com/watch?v=xzIvH-W-bgM
The ENTIRE Pink Floyd Discography.,A Saucerful of Secrets (Live),Pink Floyd,12:49,https://music.youtube.com/watch?v=_21_EwD9W3g
The ENTIRE Pink Floyd Discography.,"Sysyphus, Pt. 1",Pink Floyd,1:08,https://music.youtube.com/watch?v=XgqZUf30hCA
The ENTIRE Pink Floyd Discography.,"Sysyphus, Pt. 2",Pink Floyd,3:31,https://music.youtube.com/watch?v=SlOkaCcD2dI
The ENTIRE Pink Floyd Discography.,"Sysyphus, Pt. 3",Pink Floyd,1:50,https://music.youtube.com/watch?v=T5ZqBRuGCM8
The ENTIRE Pink Floyd Discography.,"Sysyphus, Pt. 4",Pink Floyd,7:00,https://music.youtube.com/watch?v=9k1svbr_T-o
The ENTIRE Pink Floyd Discography.,Grantchester Meadows,Pink Floyd,7:28,https://music.youtube.com/watch?v=6Wn2AfSpso4
The ENTIRE Pink Floyd Discography.,Several Species of Small Furry Animals Gathered Together in a Cave and Grooving with a Pict,Pink Floyd,4:59,https://music.youtube.com/watch?v=g4BE-VusCiM
The ENTIRE Pink Floyd Discography.,"The Narrow Way, Pt. 1",Pink Floyd,3:29,https://music.youtube.com/watch?v=rvN7NLBR3ZQ
The ENTIRE Pink Floyd Discography.,"The Narrow Way, Pt. 2",Pink Floyd,2:54,https://music.youtube.com/watch?v=LA_GUzLMB5I
The ENTIRE Pink Floyd Discography.,"The Narrow Way, Pt. 3",Pink Floyd,5:58,https://music.youtube.com/watch?v=UT4kU3H4oc4
The ENTIRE Pink Floyd Discography.,"The Grand Vizier's Garden Party, Pt. 1 (Entrance)",Pink Floyd,1:00,https://music.youtube.com/watch?v=aCfMUWlQa5k
The ENTIRE Pink Floyd Discography.,"The Grand Vizier's Garden Party, Pt. 2 (Entertainment)",Pink Floyd,7:06,https://music.youtube.com/watch?v=xvFayRZvmX4
The ENTIRE Pink Floyd Discography.,"The Grand Vizier's Garden Party, Pt. 3 (Exit)",Pink Floyd,0:40,https://music.youtube.com/watch?v=hR56SdDtjvw
The ENTIRE Pink Floyd Discography.,Atom Heart Mother,Pink Floyd,23:42,https://music.youtube.com/watch?v=gLhYOdTSQHA
The ENTIRE Pink Floyd Discography.,If,Pink Floyd,4:31,https://music.youtube.com/watch?v=T22YMJlsNTQ
The ENTIRE Pink Floyd Discography.,Summer '68,Pink Floyd,5:29,https://music.youtube.com/watch?v=_Sz5yXjhgQc
The ENTIRE Pink Floyd Discography.,Fat Old Sun,Pink Floyd,5:24,https://music.youtube.com/watch?v=A6-_w-hj7S4
The ENTIRE Pink Floyd Discography.,Alan's Psychedelic Breakfast,Pink Floyd,12:59,https://music.youtube.com/watch?v=oqwWrxjvpNY
The ENTIRE Pink Floyd Discography.,Arnold Layne,Pink Floyd,2:57,https://music.youtube.com/watch?v=KRB5Pg_oPp0
The ENTIRE Pink Floyd Discography.,Interstellar Overdrive,Pink Floyd,9:44,https://music.youtube.com/watch?v=oTcvWj3svX0
The ENTIRE Pink Floyd Discography.,See Emily Play,Pink Floyd,2:54,https://music.youtube.com/watch?v=u8OakJHEhcU
The ENTIRE Pink Floyd Discography.,Remember a Day,Pink Floyd,4:30,https://music.youtube.com/watch?v=WzvA9GzJWsg
The ENTIRE Pink Floyd Discography.,Paintbox,Pink Floyd,3:34,https://music.youtube.com/watch?v=RRydd1x24q4
The ENTIRE Pink Floyd Discography.,Julia Dream,Pink Floyd,2:38,https://music.youtube.com/watch?v=wQenVpYKLdo
The ENTIRE Pink Floyd Discography.,"Careful with That Axe, Eugene",Pink Floyd,5:46,https://music.youtube.com/watch?v=LtJc2QbM_pQ
The ENTIRE Pink Floyd Discography.,Cirrus Minor,Pink Floyd,5:19,https://music.youtube.com/watch?v=VlsskpkD0nY
The ENTIRE Pink Floyd Discography.,The Nile Song,Pink Floyd,3:26,https://music.youtube.com/watch?v=WcPOUjIwloI
The ENTIRE Pink Floyd Discography.,Biding My Time,Pink Floyd,5:19,https://music.youtube.com/watch?v=UE_kwD9CMnQ
The ENTIRE Pink Floyd Discography.,Bike,Pink Floyd,3:22,https://music.youtube.com/watch?v=DzZJukXa9f8
The ENTIRE Pink Floyd Discography.,One of These Days,Pink Floyd,5:55,https://music.youtube.com/watch?v=xWk-extYHsw
The ENTIRE Pink Floyd Discography.,A Pillow of Winds,Pink Floyd,5:13,https://music.youtube.com/watch?v=lmBIRDyUwr0
The ENTIRE Pink Floyd Discography.,Fearless,Pink Floyd,6:08,https://music.youtube.com/watch?v=nUvLEyykHL8
The ENTIRE Pink Floyd Discography.,San Tropez,Pink Floyd,3:44,https://music.youtube.com/watch?v=DcesKRHmfYU
The ENTIRE Pink Floyd Discography.,Seamus,Pink Floyd,2:15,https://music.youtube.com/watch?v=AvcF3Oj1DSk
The ENTIRE Pink Floyd Discography.,Echoes,Pink Floyd,23:33,https://music.youtube.com/watch?v=OF4rw3LOfqY
The ENTIRE Pink Floyd Discography.,Obscured by Clouds,Pink Floyd,3:05,https://music.youtube.com/watch?v=bnSneLtVfnc
The ENTIRE Pink Floyd Discography.,When You're In,Pink Floyd,2:32,https://music.youtube.com/watch?v=FcOaO0jh6d0
The ENTIRE Pink Floyd Discography.,Burning Bridges,Pink Floyd,3:31,https://music.youtube.com/watch?v=cmsaljjZQSM
The ENTIRE Pink Floyd Discography.,The Gold It's in the...,Pink Floyd,3:08,https://music.youtube.com/watch?v=7x8UcAyOiUg
The ENTIRE Pink Floyd Discography.,Wot's... Uh the Deal,Pink Floyd,5:10,https://music.youtube.com/watch?v=lNouDK3JUwY
The ENTIRE Pink Floyd Discography.,Mudmen,Pink Floyd,4:18,https://music.youtube.com/watch?v=8IUFuX0-Izg
The ENTIRE Pink Floyd Discography.,Childhood's End,Pink Floyd,4:34,https://music.youtube.com/watch?v=t_k-2BG4qtQ
The ENTIRE Pink Floyd Discography.,Free Four,Pink Floyd,4:17,https://music.youtube.com/watch?v=OdhLRS9Q0AE
The ENTIRE Pink Floyd Discography.,Stay,Pink Floyd,4:08,https://music.youtube.com/watch?v=97Xfdx77NRI
The ENTIRE Pink Floyd Discography.,Absolutely Curtains,Pink Floyd,5:51,https://music.youtube.com/watch?v=dwq_9M4ymb0
The ENTIRE Pink Floyd Discography.,Speak To Me/Breathe (In The Air) (Live),Pink Floyd,2:47,https://music.youtube.com/watch?v=05QLIKz7a4c
The ENTIRE Pink Floyd Discography.,On The Run (Section) (Live),Pink Floyd,4:40,https://music.youtube.com/watch?v=e0-k05tQf-o
The ENTIRE Pink Floyd Discography.,Time (Live),Pink Floyd,6:55,https://music.youtube.com/watch?v=PRgysvRLHKU
The ENTIRE Pink Floyd Discography.,The Great Gig In The Sky (Live),Pink Floyd,4:30,https://music.youtube.com/watch?v=YL39hahYR-s
The ENTIRE Pink Floyd Discography.,Money (Live),Pink Floyd,6:17,https://music.youtube.com/watch?v=AGLNXjdnxbY
The ENTIRE Pink Floyd Discography.,Us And Them (Live),Pink Floyd,7:39,https://music.youtube.com/watch?v=8j_zxfxHkTs
The ENTIRE Pink Floyd Discography.,Any Colour You Like (Live),Pink Floyd,4:37,https://music.youtube.com/watch?v=mxJs7qA63W0
The ENTIRE Pink Floyd Discography.,Brain Damage (Live),Pink Floyd,3:51,https://music.youtube.com/watch?v=Uh8KcyjECzg
The ENTIRE Pink Floyd Discography.,Eclipse (Live),Pink Floyd,1:49,https://music.youtube.com/watch?v=dPuSLhLMly0
The ENTIRE Pink Floyd Discography.,One Of These Days (Live),Pink Floyd,8:34,https://music.youtube.com/watch?v=Ynnkqvqbx6s
The ENTIRE Pink Floyd Discography.,"Careful With That Axe, Eugene (Live)",Pink Floyd,12:26,https://music.youtube.com/watch?v=ZjC0wM-_nDQ
The ENTIRE Pink Floyd Discography.,Set The Controls For The Heart Of The Sun (Live),Pink Floyd,12:42,https://music.youtube.com/watch?v=p6ZfNk3DRl0
The ENTIRE Pink Floyd Discography.,Echoes (Live),Pink Floyd,25:44,https://music.youtube.com/watch?v=dJRgaB8ECUM
The ENTIRE Pink Floyd Discography.,A Saucerful Of Secrets (Live),Pink Floyd,15:19,https://music.youtube.com/watch?v=jjRs5x-Ps6Q
The ENTIRE Pink Floyd Discography.,Speak to Me,Pink Floyd,1:06,https://music.youtube.com/watch?v=CDko2ux1bkE
The ENTIRE Pink Floyd Discography.,Breathe (In the Air),Pink Floyd,2:50,https://music.youtube.com/watch?v=_396y7Vk9NA
The ENTIRE Pink Floyd Discography.,On the Run,Pink Floyd,3:46,https://music.youtube.com/watch?v=0Qhjiz_Ceu4
The ENTIRE Pink Floyd Discography.,Time,Pink Floyd,6:54,https://music.youtube.com/watch?v=80LhtHY_fHw
The ENTIRE Pink Floyd Discography.,The Great Gig in the Sky,Pink Floyd,4:44,https://music.youtube.com/watch?v=hOhTDRdcx4o
The ENTIRE Pink Floyd Discography.,Money,Pink Floyd,6:23,https://music.youtube.com/watch?v=q9NtWkikVAE
The ENTIRE Pink Floyd Discography.,Us and Them,Pink Floyd,7:50,https://music.youtube.com/watch?v=5wth9BScmGY
The ENTIRE Pink Floyd Discography.,Any Colour You Like,Pink Floyd,3:27,https://music.youtube.com/watch?v=e3n4fRYTc94
The ENTIRE Pink Floyd Discography.,Brain Damage,Pink Floyd,3:47,https://music.youtube.com/watch?v=Rly0qaXeSPg
The ENTIRE Pink Floyd Discography.,Eclipse,Pink Floyd,2:11,https://music.youtube.com/watch?v=4wYd-sqzY-k
The ENTIRE Pink Floyd Discography.,Shine On You Crazy Diamond (Pts. 1-5),Pink Floyd,13:32,https://music.youtube.com/watch?v=Tu7oq3VNgpY
The ENTIRE Pink Floyd Discography.,Welcome to the Machine,Pink Floyd,7:32,https://music.youtube.com/watch?v=x-1Ad9WsgkU
The ENTIRE Pink Floyd Discography.,Have a Cigar,Pink Floyd,5:08,https://music.youtube.com/watch?v=Eq8ZiZ9xiLw
The ENTIRE Pink Floyd Discography.,Wish You Were Here,Pink Floyd,5:35,https://music.youtube.com/watch?v=4K6cvc27_CE
The ENTIRE Pink Floyd Discography.,Shine On You Crazy Diamond (Pts. 6-9),Pink Floyd,12:28,https://music.youtube.com/watch?v=ur4J7hhhto8
The ENTIRE Pink Floyd Discography.,Pigs on the Wing 1,Pink Floyd,1:25,https://music.youtube.com/watch?v=zf3JJmMxoxs
The ENTIRE Pink Floyd Discography.,Dogs,Pink Floyd,17:06,https://music.youtube.com/watch?v=tq3bYPLBcA4
The ENTIRE Pink Floyd Discography.,Pigs (Three Different Ones),Pink Floyd,11:26,https://music.youtube.com/watch?v=ZUEGeWYWbuU
The ENTIRE Pink Floyd Discography.,Sheep,Pink Floyd,10:20,https://music.youtube.com/watch?v=B2MxUCENw2s
The ENTIRE Pink Floyd Discography.,Pigs on the Wing 2,Pink Floyd,1:27,https://music.youtube.com/watch?v=UtiUKHPbtUQ
The ENTIRE Pink Floyd Discography.,In the Flesh?,Pink Floyd,3:19,https://music.youtube.com/watch?v=uzsEmI61Xas
The ENTIRE Pink Floyd Discography.,The Thin Ice,Pink Floyd,2:27,https://music.youtube.com/watch?v=KGC7E3XYZ1M
The ENTIRE Pink Floyd Discography.,"Another Brick in the Wall, Pt. 1",Pink Floyd,3:13,https://music.youtube.com/watch?v=Te60_BiZlk0
The ENTIRE Pink Floyd Discography.,The Happiest Days of Our Lives,Pink Floyd,1:51,https://music.youtube.com/watch?v=3hoipXdhRSc
The ENTIRE Pink Floyd Discography.,"Another Brick in the Wall, Pt. 2",Pink Floyd,3:59,https://music.youtube.com/watch?v=Ey8gm1W-e1Y
The ENTIRE Pink Floyd Discography.,Mother,Pink Floyd,5:35,https://music.youtube.com/watch?v=o7MlC_Qrmmc
The ENTIRE Pink Floyd Discography.,Goodbye Blue Sky,Pink Floyd,2:48,https://music.youtube.com/watch?v=OArru5OkVKE
The ENTIRE Pink Floyd Discography.,Empty Spaces,Pink Floyd,2:08,https://music.youtube.com/watch?v=TYcVBd-gRlo
The ENTIRE Pink Floyd Discography.,Young Lust,Pink Floyd,3:30,https://music.youtube.com/watch?v=GRsLPoNNV64
The ENTIRE Pink Floyd Discography.,One of My Turns,Pink Floyd,3:37,https://music.youtube.com/watch?v=2zdDP4hN2gI
The ENTIRE Pink Floyd Discography.,Don't Leave Me Now,Pink Floyd,4:16,https://music.youtube.com/watch?v=zppuIqcUsig
The ENTIRE Pink Floyd Discography.,"Another Brick in the Wall, Pt. 3",Pink Floyd,1:15,https://music.youtube.com/watch?v=6i96zId9cqM
The ENTIRE Pink Floyd Discography.,Goodbye Cruel World,Pink Floyd,1:14,https://music.youtube.com/watch?v=0BS9oBLrDw8
The ENTIRE Pink Floyd Discography.,Hey You,Pink Floyd,4:39,https://music.youtube.com/watch?v=pPrte-OhUh4
The ENTIRE Pink Floyd Discography.,Is There Anybody Out There?,Pink Floyd,2:42,https://music.youtube.com/watch?v=Aiu5Fr7-hFQ
The ENTIRE Pink Floyd Discography.,Nobody Home,Pink Floyd,3:24,https://music.youtube.com/watch?v=CM-N9d8cm-A
The ENTIRE Pink Floyd Discography.,Vera,Pink Floyd,1:34,https://music.youtube.com/watch?v=HcJxrGVGg_4
The ENTIRE Pink Floyd Discography.,Bring the Boys Back Home,Pink Floyd,1:28,https://music.youtube.com/watch?v=Mvnog0sSBXo
The ENTIRE Pink Floyd Discography.,Comfortably Numb,Pink Floyd,6:23,https://music.youtube.com/watch?v=4FLjT5V5Hog
The ENTIRE Pink Floyd Discography.,The Show Must Go On,Pink Floyd,1:37,https://music.youtube.com/watch?v=FNfKaAadupM
The ENTIRE Pink Floyd Discography.,In the Flesh,Pink Floyd,4:16,https://music.youtube.com/watch?v=6Z6Je2QM6lE
The ENTIRE Pink Floyd Discography.,Run Like Hell,Pink Floyd,4:24,https://music.youtube.com/watch?v=y_Ol8avCkXg
The ENTIRE Pink Floyd Discography.,Waiting for the Worms,Pink Floyd,3:58,https://music.youtube.com/watch?v=cNFPEeTOW2E
The ENTIRE Pink Floyd Discography.,Stop,Pink Floyd,0:31,https://music.youtube.com/watch?v=5manKiShnMk
The ENTIRE Pink Floyd Discography.,The Trial,Pink Floyd,5:19,https://music.youtube.com/watch?v=HJIqf4YnF4Y
The ENTIRE Pink Floyd Discography.,Outside the Wall,Pink Floyd,1:45,https://music.youtube.com/watch?v=jnj4OYdNlIY
The ENTIRE Pink Floyd Discography.,The Post War Dream,Pink Floyd,3:00,https://music.youtube.com/watch?v=4MNJoeMUVCw
The ENTIRE Pink Floyd Discography.,Your Possible Pasts,Pink Floyd,4:27,https://music.youtube.com/watch?v=Q91UOS9S0yI
The ENTIRE Pink Floyd Discography.,One of the Few,Pink Floyd,1:18,https://music.youtube.com/watch?v=6GCDsCw4U6c
The ENTIRE Pink Floyd Discography.,When the Tigers Broke Free,Pink Floyd,3:13,https://music.youtube.com/watch?v=AW4DA2NpB3k
The ENTIRE Pink Floyd Discography.,The Hero's Return,Pink Floyd,2:43,https://music.youtube.com/watch?v=qNFlXNeaFPw
The ENTIRE Pink Floyd Discography.,The Gunner's Dream,Pink Floyd,5:19,https://music.youtube.com/watch?v=yvOrDrovcho
The ENTIRE Pink Floyd Discography.,Paranoid Eyes,Pink Floyd,3:42,https://music.youtube.com/watch?v=ALuor5QREgw
The ENTIRE Pink Floyd Discography.,Get Your Filthy Hands Off My Desert,Pink Floyd,1:17,https://music.youtube.com/watch?v=uitTNiLKJnQ
The ENTIRE Pink Floyd Discography.,The Fletcher Memorial Home,Pink Floyd,4:10,https://music.youtube.com/watch?v=7HLeHpyNCuE
The ENTIRE Pink Floyd Discography.,Southampton Dock,Pink Floyd,2:14,https://music.youtube.com/watch?v=zd4nDZcy1os
The ENTIRE Pink Floyd Discography.,The Final Cut,Pink Floyd,4:43,https://music.youtube.com/watch?v=U1-AVKU0FdQ
The ENTIRE Pink Floyd Discography.,Not Now John,Pink Floyd,5:02,https://music.youtube.com/watch?v=-AvzPNW_B1Q
The ENTIRE Pink Floyd Discography.,Two Suns in the Sunset,Pink Floyd,5:16,https://music.youtube.com/watch?v=HFXfSnFAfG0
The ENTIRE Pink Floyd Discography.,Signs of Life,Pink Floyd,4:22,https://music.youtube.com/watch?v=tPnBbV-DP2Q
The ENTIRE Pink Floyd Discography.,Learning to Fly,Pink Floyd,4:53,https://music.youtube.com/watch?v=Orrvnf7aPrA
The ENTIRE Pink Floyd Discography.,The Dogs of War,Pink Floyd,6:04,https://music.youtube.com/watch?v=m7VTL_fLt5M
The ENTIRE Pink Floyd Discography.,One Slip,Pink Floyd,5:09,https://music.youtube.com/watch?v=Yx8gNw4UqFI
The ENTIRE Pink Floyd Discography.,On the Turning Away,Pink Floyd,5:42,https://music.youtube.com/watch?v=EWWqnYLo-XM
The ENTIRE Pink Floyd Discography.,Yet Another Movie,Pink Floyd,6:13,https://music.youtube.com/watch?v=T_0dOWMYU40
The ENTIRE Pink Floyd Discography.,Round and Around,Pink Floyd,1:14,https://music.youtube.com/watch?v=K5V-kBOVRqs
The ENTIRE Pink Floyd Discography.,"A New Machine, Pt. 1",Pink Floyd,1:46,https://music.youtube.com/watch?v=p70FeBRB5bY
The ENTIRE Pink Floyd Discography.,Terminal Frost,Pink Floyd,6:16,https://music.youtube.com/watch?v=kwbRojbtwkU
The ENTIRE Pink Floyd Discography.,"A New Machine, Pt. 2",Pink Floyd,0:40,https://music.youtube.com/watch?v=kiOwPhBnYXg
The ENTIRE Pink Floyd Discography.,Sorrow,Pink Floyd,8:45,https://music.youtube.com/watch?v=uph_1gDITUY
The ENTIRE Pink Floyd Discography.,Shine On You Crazy Diamond (Live),Pink Floyd,11:55,https://music.youtube.com/watch?v=Lsgl-rPDEiI
The ENTIRE Pink Floyd Discography.,Learning to Fly (Live),Pink Floyd,5:28,https://music.youtube.com/watch?v=lf6I24ZpUTc
The ENTIRE Pink Floyd Discography.,Yet Another Movie (Live),Pink Floyd,6:22,https://music.youtube.com/watch?v=VVPKwrtx5jc
The ENTIRE Pink Floyd Discography.,Round and Around (Live),Pink Floyd,0:34,https://music.youtube.com/watch?v=55gIt2VYoSs
The ENTIRE Pink Floyd Discography.,Sorrow (Live),Pink Floyd,9:29,https://music.youtube.com/watch?v=hctjOXgXJyo
The ENTIRE Pink Floyd Discography.,The Dogs of War (Live),Pink Floyd,7:20,https://music.youtube.com/watch?v=hLqEitd0QGI
The ENTIRE Pink Floyd Discography.,On the Turning Away (Live),Pink Floyd,7:58,https://music.youtube.com/watch?v=0umNeYhIbIw
The ENTIRE Pink Floyd Discography.,One of These Days (Live),Pink Floyd,6:17,https://music.youtube.com/watch?v=Lo4c-KUHls8
The ENTIRE Pink Floyd Discography.,Time (Live),Pink Floyd,5:17,https://music.youtube.com/watch?v=RO8JcTD7JRk
The ENTIRE Pink Floyd Discography.,Wish You Were Here (Live),Pink Floyd,4:50,https://music.youtube.com/watch?v=xPtho6ulfZs
The ENTIRE Pink Floyd Discography.,Us and Them (Live),Pink Floyd,7:23,https://music.youtube.com/watch?v=hU4ONYaZEIM
The ENTIRE Pink Floyd Discography.,Money (Live),Pink Floyd,9:53,https://music.youtube.com/watch?v=LQa851usp9w
The ENTIRE Pink Floyd Discography.,"Another Brick in the Wall, Pt. 2 (Live)",Pink Floyd,5:29,https://music.youtube.com/watch?v=w3h9cl-OsOQ
The ENTIRE Pink Floyd Discography.,Comfortably Numb (Live),Pink Floyd,8:57,https://music.youtube.com/watch?v=R-EfnS18qvg
The ENTIRE Pink Floyd Discography.,Run Like Hell (Live),Pink Floyd,7:13,https://music.youtube.com/watch?v=LagHhv7ebiQ
The ENTIRE Pink Floyd Discography.,Cluster One,Pink Floyd,5:56,https://music.youtube.com/watch?v=4pkyOMM1OGg
The ENTIRE Pink Floyd Discography.,What Do You Want from Me,Pink Floyd,4:22,https://music.youtube.com/watch?v=z_Rq1OvN3Mc
The ENTIRE Pink Floyd Discography.,Poles Apart,Pink Floyd,7:04,https://music.youtube.com/watch?v=l6qhpYLdkew
The ENTIRE Pink Floyd Discography.,Marooned,Pink Floyd,5:31,https://music.youtube.com/watch?v=p75tb6tlsCU
The ENTIRE Pink Floyd Discography.,A Great Day for Freedom,Pink Floyd,4:17,https://music.youtube.com/watch?v=js8CKQuYPIE
The ENTIRE Pink Floyd Discography.,Wearing the Inside Out,Pink Floyd,6:50,https://music.youtube.com/watch?v=QwmnWk6IiEo
The ENTIRE Pink Floyd Discography.,Take It Back,Pink Floyd,6:13,https://music.youtube.com/watch?v=lpuTfChjR38
The ENTIRE Pink Floyd Discography.,Coming Back to Life,Pink Floyd,6:20,https://music.youtube.com/watch?v=2sHZ4ny_SxU
The ENTIRE Pink Floyd Discography.,Keep Talking,Pink Floyd,6:11,https://music.youtube.com/watch?v=IQMvqGqsZHg
The ENTIRE Pink Floyd Discography.,Lost for Words,Pink Floyd,5:15,https://music.youtube.com/watch?v=GnH8ley-XaQ
The ENTIRE Pink Floyd Discography.,High Hopes,Pink Floyd,8:31,https://music.youtube.com/watch?v=pCrQMvoMVHk
The ENTIRE Pink Floyd Discography.,"Shine On You Crazy Diamond (Pts. 1-5, 7) (Live)",Pink Floyd,13:37,https://music.youtube.com/watch?v=AsDAxjTPwTY
The ENTIRE Pink Floyd Discography.,Astronomy Domine (Live),Pink Floyd,4:22,https://music.youtube.com/watch?v=ax3HDaQmT04
The ENTIRE Pink Floyd Discography.,What Do You Want from Me (Live),Pink Floyd,4:11,https://music.youtube.com/watch?v=64Syct9V7AM
The ENTIRE Pink Floyd Discography.,Learning to Fly (Live),Pink Floyd,5:17,https://music.youtube.com/watch?v=m8OijPmiRbo
The ENTIRE Pink Floyd Discography.,Keep Talking (Live),Pink Floyd,6:54,https://music.youtube.com/watch?v=tcX3MwnjAHw
The ENTIRE Pink Floyd Discography.,Coming Back to Life (Live),Pink Floyd,6:58,https://music.youtube.com/watch?v=mymatoevrhw
The ENTIRE Pink Floyd Discography.,Hey You (Live),Pink Floyd,4:39,https://music.youtube.com/watch?v=c2_5p-nDLtA
The ENTIRE Pink Floyd Discography.,A Great Day for Freedom (Live),Pink Floyd,4:33,https://music.youtube.com/watch?v=tckiPyCKZaQ
The ENTIRE Pink Floyd Discography.,Sorrow (Live),Pink Floyd,10:50,https://music.youtube.com/watch?v=rd3z3NiGssY
The ENTIRE Pink Floyd Discography.,High Hopes (Live),Pink Floyd,7:55,https://music.youtube.com/watch?v=N_rSXsqpY6Q
The ENTIRE Pink Floyd Discography.,"Another Brick in the Wall, (Pt. 2) (Live)",Pink Floyd,6:57,https://music.youtube.com/watch?v=FUpqGRg9Hvg
The ENTIRE Pink Floyd Discography.,One of These Days (Live),Pink Floyd,7:06,https://music.youtube.com/watch?v=SXV8yU6zgwQ
The ENTIRE Pink Floyd Discography.,Speak to Me (Live),Pink Floyd,2:30,https://music.youtube.com/watch?v=umc84Ue6Kok
The ENTIRE Pink Floyd Discography.,Breathe (In the Air) (Live),Pink Floyd,2:34,https://music.youtube.com/watch?v=Xtom7nagtUk
The ENTIRE Pink Floyd Discography.,On the Run (Live),Pink Floyd,3:49,https://music.youtube.com/watch?v=qZrXiqCo0BA
The ENTIRE Pink Floyd Discography.,Time (Live),Pink Floyd,6:49,https://music.youtube.com/watch?v=BlbONneBQds
The ENTIRE Pink Floyd Discography.,The Great Gig in the Sky (Live),Pink Floyd,5:54,https://music.youtube.com/watch?v=ehTyQdFdhqA
The ENTIRE Pink Floyd Discography.,Money (Live),Pink Floyd,8:37,https://music.youtube.com/watch?v=EzcoDPqg6wg
The ENTIRE Pink Floyd Discography.,Us and Them (Live),Pink Floyd,7:18,https://music.youtube.com/watch?v=X9NlCjcgYEY
The ENTIRE Pink Floyd Discography.,Any Colour You Like (Live),Pink Floyd,3:22,https://music.youtube.com/watch?v=MX_lenMwyWI
The ENTIRE Pink Floyd Discography.,Brain Damage (Live),Pink Floyd,3:46,https://music.youtube.com/watch?v=ENpJHtkb_hw
The ENTIRE Pink Floyd Discography.,Eclipse (Live),Pink Floyd,2:39,https://music.youtube.com/watch?v=bSILQqbrAnM
The ENTIRE Pink Floyd Discography.,Wish You Were Here (Live),Pink Floyd,6:36,https://music.youtube.com/watch?v=zeue1JqsIgw
The ENTIRE Pink Floyd Discography.,Comfortably Numb (Live),Pink Floyd,9:31,https://music.youtube.com/watch?v=u91BhG3SZMA
The ENTIRE Pink Floyd Discography.,Run Like Hell (Live),Pink Floyd,8:42,https://music.youtube.com/watch?v=fEovHMqxgJE
The ENTIRE Pink Floyd Discography.,Astronomy Domine,Pink Floyd,4:11,https://music.youtube.com/watch?v=ho9NI2jY0Dg
The ENTIRE Pink Floyd Discography.,See Emily Play,Pink Floyd,2:48,https://music.youtube.com/watch?v=PUSpl0bBF7s
The ENTIRE Pink Floyd Discography.,The Happiest Days of Our Lives,Pink Floyd,1:39,https://music.youtube.com/watch?v=x9DyHPQjTgI
The ENTIRE Pink Floyd Discography.,"Another Brick in the Wall, Pt. 2",Pink Floyd,4:02,https://music.youtube.com/watch?v=A6iqfDrQ0_o
The ENTIRE Pink Floyd Discography.,Echoes (Edit),Pink Floyd,16:31,https://music.youtube.com/watch?v=EAmtF84mubg
The ENTIRE Pink Floyd Discography.,Hey You,Pink Floyd,4:40,https://music.youtube.com/watch?v=MN09OQZ2ZoQ
The ENTIRE Pink Floyd Discography.,Marooned (Excerpt),Pink Floyd,2:03,https://music.youtube.com/watch?v=MXD0TRYCY1s
The ENTIRE Pink Floyd Discography.,The Great Gig in the Sky,Pink Floyd,4:41,https://music.youtube.com/watch?v=kXlKmHx4e64
The ENTIRE Pink Floyd Discography.,Set the Controls for the Heart of the Sun,Pink Floyd,5:21,https://music.youtube.com/watch?v=fYCBV9zMRQY
The ENTIRE Pink Floyd Discography.,Money,Pink Floyd,6:30,https://music.youtube.com/watch?v=L4hcOC9WBqM
The ENTIRE Pink Floyd Discography.,Keep Talking,Pink Floyd,5:58,https://music.youtube.com/watch?v=g33cAndrn-A
The ENTIRE Pink Floyd Discography.,Sheep,Pink Floyd,9:47,https://music.youtube.com/watch?v=mQQHuv1v7Rk
The ENTIRE Pink Floyd Discography.,Sorrow,Pink Floyd,8:46,https://music.youtube.com/watch?v=ckSX9uEqTgA
The ENTIRE Pink Floyd Discography.,Shine On You Crazy Diamond (Pts. 1-7),Pink Floyd,17:33,https://music.youtube.com/watch?v=L4hxf2EsZ9k
The ENTIRE Pink Floyd Discography.,Time,Pink Floyd,6:49,https://music.youtube.com/watch?v=4JTkZ0zXEZY
The ENTIRE Pink Floyd Discography.,The Fletcher Memorial Home,Pink Floyd,4:08,https://music.youtube.com/watch?v=Cl9H_QJJeUQ
The ENTIRE Pink Floyd Discography.,Comfortably Numb,Pink Floyd,6:54,https://music.youtube.com/watch?v=7f3EGjRxxNI
The ENTIRE Pink Floyd Discography.,When the Tigers Broke Free,Pink Floyd,3:43,https://music.youtube.com/watch?v=w5kT2Qk-h2A
The ENTIRE Pink Floyd Discography.,One of These Days,Pink Floyd,5:15,https://music.youtube.com/watch?v=EAObSmEXE4Y
The ENTIRE Pink Floyd Discography.,Us and Them,Pink Floyd,7:52,https://music.youtube.com/watch?v=nBmvxE3coMg
The ENTIRE Pink Floyd Discography.,Learning to Fly,Pink Floyd,4:51,https://music.youtube.com/watch?v=u7avQhoYNEg
The ENTIRE Pink Floyd Discography.,Arnold Layne,Pink Floyd,2:53,https://music.youtube.com/watch?v=74cqfDCsb2Q
The ENTIRE Pink Floyd Discography.,Wish You Were Here,Pink Floyd,5:22,https://music.youtube.com/watch?v=-0MQXbcw-co
The ENTIRE Pink Floyd Discography.,Jugband Blues,Pink Floyd,2:57,https://music.youtube.com/watch?v=HXcj87v7fSQ
The ENTIRE Pink Floyd Discography.,High Hopes (Edit),Pink Floyd,7:00,https://music.youtube.com/watch?v=aJOo8YhYjBQ
The ENTIRE Pink Floyd Discography.,Bike (Edit),Pink Floyd,3:25,https://music.youtube.com/watch?v=poGxij-GoKo
The ENTIRE Pink Floyd Discography.,Hey You,Pink Floyd,4:40,https://music.youtube.com/watch?v=GuAvK_DM8wA
The ENTIRE Pink Floyd Discography.,See Emily Play,Pink Floyd,2:49,https://music.youtube.com/watch?v=iGLetu9pVFk
The ENTIRE Pink Floyd Discography.,The Happiest Days of Our Lives,Pink Floyd,1:33,https://music.youtube.com/watch?v=y3cOjckX8o8
The ENTIRE Pink Floyd Discography.,"Another Brick in the Wall, Pt. 2",Pink Floyd,3:49,https://music.youtube.com/watch?v=2jeyChSA9yo
The ENTIRE Pink Floyd Discography.,Have a Cigar,Pink Floyd,5:09,https://music.youtube.com/watch?v=NJKE-ab6v6Q
The ENTIRE Pink Floyd Discography.,Wish You Were Here,Pink Floyd,5:06,https://music.youtube.com/watch?v=SSwN90lOcNU
The ENTIRE Pink Floyd Discography.,Time,Pink Floyd,6:21,https://music.youtube.com/watch?v=ylDTZpniKA0
The ENTIRE Pink Floyd Discography.,The Great Gig in the Sky,Pink Floyd,4:37,https://music.youtube.com/watch?v=X127nvrWsB0
The ENTIRE Pink Floyd Discography.,Money,Pink Floyd,6:35,https://music.youtube.com/watch?v=b4Y2bq-y2t0
The ENTIRE Pink Floyd Discography.,Comfortably Numb,Pink Floyd,6:20,https://music.youtube.com/watch?v=sZCkb0F51qw
The ENTIRE Pink Floyd Discography.,High Hopes,Pink Floyd,6:56,https://music.youtube.com/watch?v=4efPxYEBWNE
The ENTIRE Pink Floyd Discography.,Learning to Fly,Pink Floyd,4:50,https://music.youtube.com/watch?v=bEXRsnDARec
The ENTIRE Pink Floyd Discography.,The Fletcher Memorial Home,Pink Floyd,4:11,https://music.youtube.com/watch?v=f1AyTFrxFWo
The ENTIRE Pink Floyd Discography.,Shine On You Crazy Diamond (Pts. 1-5),Pink Floyd,11:06,https://music.youtube.com/watch?v=i1z9dKOibAM
The ENTIRE Pink Floyd Discography.,Brain Damage,Pink Floyd,3:47,https://music.youtube.com/watch?v=uob1E8AOPQM
The ENTIRE Pink Floyd Discography.,Eclipse,Pink Floyd,1:52,https://music.youtube.com/watch?v=PJFYMC7HTyM
The ENTIRE Pink Floyd Discography.,"Side 1, Pt. 1: Things Left Unsaid",Pink Floyd,4:27,https://music.youtube.com/watch?v=aJEjDhv2dnc
The ENTIRE Pink Floyd Discography.,"Side 1, Pt. 2: It's What We Do",Pink Floyd,6:18,https://music.youtube.com/watch?v=BEyssTvX_t0
The ENTIRE Pink Floyd Discography.,"Side 1, Pt. 3: Ebb And Flow",Pink Floyd,1:55,https://music.youtube.com/watch?v=WdDOqbHUR8M
The ENTIRE Pink Floyd Discography.,"Side 2, Pt. 1: Sum",Pink Floyd,4:49,https://music.youtube.com/watch?v=3TkFJqZfN3o
The ENTIRE Pink Floyd Discography.,"Side 2, Pt. 2: Skins",Pink Floyd,2:38,https://music.youtube.com/watch?v=bN_7kBwHSA8
The ENTIRE Pink Floyd Discography.,"Side 2, Pt. 3: Unsung",Pink Floyd,1:08,https://music.youtube.com/watch?v=_ulMUAmJfOs
The ENTIRE Pink Floyd Discography.,"Side 2, Pt. 4: Anisina",Pink Floyd,3:17,https://music.youtube.com/watch?v=-OPFydOWF90
The ENTIRE Pink Floyd Discography.,"Side 3, Pt. 1: The Lost Art of Conversation",Pink Floyd,1:43,https://music.youtube.com/watch?v=geFUp49Okno
The ENTIRE Pink Floyd Discography.,"Side 3, Pt. 2: On Noodle Street",Pink Floyd,1:43,https://music.youtube.com/watch?v=SSZZxFWLuUA
The ENTIRE Pink Floyd Discography.,"Side 3, Pt. 3: Night Light",Pink Floyd,1:43,https://music.youtube.com/watch?v=-pfSBGWGYKE
The ENTIRE Pink Floyd Discography.,"Side 3, Pt. 4: Allons-y (1)",Pink Floyd,1:58,https://music.youtube.com/watch?v=MdhZVz7XyIY
The ENTIRE Pink Floyd Discography.,"Side 3, Pt. 5: Autumn '68",Pink Floyd,1:36,https://music.youtube.com/watch?v=7aDDROB2FwY
The ENTIRE Pink Floyd Discography.,"Side 3, Pt. 6: Allons-y (2)",Pink Floyd,1:33,https://music.youtube.com/watch?v=D8TspKn4OgA
The ENTIRE Pink Floyd Discography.,"Side 3, Pt. 7: Talkin' Hawkin'",Pink Floyd,3:30,https://music.youtube.com/watch?v=NF80rE6-8Ic
The ENTIRE Pink Floyd Discography.,"Side 4, Pt. 1: Calling",Pink Floyd,3:38,https://music.youtube.com/watch?v=iN7G0yglMEk
The ENTIRE Pink Floyd Discography.,"Side 4, Pt. 2: Eyes To Pearls",Pink Floyd,1:52,https://music.youtube.com/watch?v=iMPwEy9ESok
The ENTIRE Pink Floyd Discography.,"Side 4, Pt. 3: Surfacing",Pink Floyd,2:47,https://music.youtube.com/watch?v=IvcKk9OgagI
The ENTIRE Pink Floyd Discography.,"Side 4, Pt. 4: Louder Than Words",Pink Floyd,6:37,https://music.youtube.com/watch?v=wa4zz6BRzJM
The ENTIRE Pink Floyd Discography.,Obscured by Clouds (2016 Remix),Pink Floyd,3:04,https://music.youtube.com/watch?v=R96rit8VF48
The ENTIRE Pink Floyd Discography.,When You're In (2016 Remix),Pink Floyd,2:31,https://music.youtube.com/watch?v=Mw_JQ3STFg4
The ENTIRE Pink Floyd Discography.,Burning Bridges (2016 Remix),Pink Floyd,3:30,https://music.youtube.com/watch?v=P4NwHrQpBHk
The ENTIRE Pink Floyd Discography.,The Gold It's In The... (2016 Remix),Pink Floyd,3:08,https://music.youtube.com/watch?v=BkzeXf7kqyg
The ENTIRE Pink Floyd Discography.,Wot's... Uh the Deal (2016 Remix),Pink Floyd,5:11,https://music.youtube.com/watch?v=D_3Sjs8QnrY
The ENTIRE Pink Floyd Discography.,Mudmen (2016 Remix),Pink Floyd,4:18,https://music.youtube.com/watch?v=fLfloGFvWOg
The ENTIRE Pink Floyd Discography.,Childhood's End (2016 Remix),Pink Floyd,4:34,https://music.youtube.com/watch?v=gB6EEhN9nBY
The ENTIRE Pink Floyd Discography.,Free Four (2016 Remix),Pink Floyd,4:17,https://music.youtube.com/watch?v=LNSNRbCq0hE
The ENTIRE Pink Floyd Discography.,Stay (2016 Remix),Pink Floyd,4:07,https://music.youtube.com/watch?v=D9m1gtQCC0s
The ENTIRE Pink Floyd Discography.,Absolutely Curtains (2016 Remix),Pink Floyd,5:52,https://music.youtube.com/watch?v=KYhDIwvhxAs
The ENTIRE Pink Floyd Discography.,"Careful with That Axe, Eugene (Live at Pompeii) (2016 Remix)",Pink Floyd,6:43,https://music.youtube.com/watch?v=6mr0D8e-RhM
The ENTIRE Pink Floyd Discography.,Set the Controls for the Heart of the Sun (Live at Pompeii) (2016 Remix),Pink Floyd,10:33,https://music.youtube.com/watch?v=XYJXlmifjPQ
The ENTIRE Pink Floyd Discography.,One of These Days (Live at Pompeii) (2016 Remix),Pink Floyd,5:45,https://music.youtube.com/watch?v=8F6bHyH6AdE
The ENTIRE Pink Floyd Discography.,A Saucerful of Secrets (Live at Pompeii) (2016 Remix),Pink Floyd,12:47,https://music.youtube.com/watch?v=mjazE47XjaU
The ENTIRE Pink Floyd Discography.,Echoes (Live at Pompeii) (2016 Remix),Pink Floyd,24:57,https://music.youtube.com/watch?v=eFTJVSmn3U4
The ENTIRE Pink Floyd Discography.,"Careful with That Axe, Eugene (Alternative Take) (Live at Pompeii) (2016 Remix)",Pink Floyd,6:06,https://music.youtube.com/watch?v=_uisgMKe_H0
The ENTIRE Pink Floyd Discography.,Hollywood,Pink Floyd,1:19,https://music.youtube.com/watch?v=tJ1cestJ-G4
The ENTIRE Pink Floyd Discography.,"Theme from Film ""More"" (Beat Version)",Pink Floyd,5:36,https://music.youtube.com/watch?v=0Rc7T22NvBw
The ENTIRE Pink Floyd Discography.,More Blues (Alternative Version),Pink Floyd,3:50,https://music.youtube.com/watch?v=LJy2G9JAfSI
The ENTIRE Pink Floyd Discography.,Seabirds (Instrumental) (Non-Album Track),Pink Floyd,4:21,https://music.youtube.com/watch?v=aFW94dt0EbU
The ENTIRE Pink Floyd Discography.,"Embryo (From ""Picnic"")",Pink Floyd,4:43,https://music.youtube.com/watch?v=ufFKBn0Vq8U
The ENTIRE Pink Floyd Discography.,"Grantchester Meadows (Live BBC Radio Session, 12 May 1969)",Pink Floyd,3:47,https://music.youtube.com/watch?v=NY5AfRqHgRM
The ENTIRE Pink Floyd Discography.,"Cymbaline (Live BBC Radio Session, 12 May 1969)",Pink Floyd,3:39,https://music.youtube.com/watch?v=yapRG9YRqgc
The ENTIRE Pink Floyd Discography.,"The Narrow Way (Live BBC Radio Session, 12 May 1969)",Pink Floyd,4:48,https://music.youtube.com/watch?v=G_cXnckafkk
The ENTIRE Pink Floyd Discography.,"Green is the Colour (Live BBC Radio Session, 12 May 1969)",Pink Floyd,3:22,https://music.youtube.com/watch?v=RQ2IY-DximE
The ENTIRE Pink Floyd Discography.,"Careful with That Axe, Eugene (Live BBC Radio Session, 12 May 1969)",Pink Floyd,3:27,https://music.youtube.com/watch?v=EaVNZbIsDf4
The ENTIRE Pink Floyd Discography.,"Interstellar Overdrive (Live at the Paradiso, Amsterdam, 9 August 1969)",Pink Floyd,4:21,https://music.youtube.com/watch?v=3NCpvAGXARA
The ENTIRE Pink Floyd Discography.,"Set the Controls for the Heart of the Sun (Live at the Paradiso, Amsterdam, 9 August 1969)",Pink Floyd,12:26,https://music.youtube.com/watch?v=CPPd8oaW_Ss
The ENTIRE Pink Floyd Discography.,"Careful with That Axe, Eugene (Live at the Paradiso, Amsterdam, 9 August 1969)",Pink Floyd,10:11,https://music.youtube.com/watch?v=oKkjueb-vao
The ENTIRE Pink Floyd Discography.,"A Saucerful of Secrets (Live at the Paradiso, Amsterdam, 9 August 1969)",Pink Floyd,13:02,https://music.youtube.com/watch?v=k7jzRPYCA88
The ENTIRE Pink Floyd Discography.,"Daybreak (""The Man"" Performed at Concertgebouw, Amsterdam, 17 September 1969) (Live)",Pink Floyd,8:15,https://music.youtube.com/watch?v=rw9Vr9EHvcA
The ENTIRE Pink Floyd Discography.,"Work (""The Man"" Performed at Concertgebouw, Amsterdam, 17 September 1969) (Live)",Pink Floyd,4:13,https://music.youtube.com/watch?v=sJEATA_hD6Y
The ENTIRE Pink Floyd Discography.,"Afternoon (""The Man"" Performed at Concertgebouw, Amsterdam, 17 September 1969) (Live)",Pink Floyd,6:39,https://music.youtube.com/watch?v=ACtf0CEjjlw
The ENTIRE Pink Floyd Discography.,"Doing It (""The Man"" Performed at Concertgebouw, Amsterdam, 17 September 1969) (Live)",Pink Floyd,3:55,https://music.youtube.com/watch?v=Xndv6aCOIig
The ENTIRE Pink Floyd Discography.,"Sleeping (""The Man"" Performed at Concertgebouw, Amsterdam, 17 September 1969) (Live)",Pink Floyd,4:37,https://music.youtube.com/watch?v=dzKj2v_MUUc
The ENTIRE Pink Floyd Discography.,"Nightmare (""The Man"" Performed at Concertgebouw, Amsterdam, 17 September 1969) (Live)",Pink Floyd,9:15,https://music.youtube.com/watch?v=pv8orlu3WCI
The ENTIRE Pink Floyd Discography.,"Labyrinth (""The Man"" Performed at Concertgebouw, Amsterdam, 17 September 1969) (Live)",Pink Floyd,1:12,https://music.youtube.com/watch?v=VrCkMHxctdo
The ENTIRE Pink Floyd Discography.,"The Beginning (""The Man"" Performed at Concertgebouw, Amsterdam, 17 September 1969) (Live)",Pink Floyd,3:24,https://music.youtube.com/watch?v=7cpb9kO_hZE
The ENTIRE Pink Floyd Discography.,"Beset by Creatures of the Deep (""The Journey"" Performed at Concertgebouw, Amsterdam, 17...",Pink Floyd,6:28,https://music.youtube.com/watch?v=OamsaFf11DE
The ENTIRE Pink Floyd Discography.,"The Narrow Way, Pt. 3 (""The Journey"" Performed at Concertgebouw, Amsterdam, 17 September 1969)...",Pink Floyd,5:11,https://music.youtube.com/watch?v=jGzee2MZFII
The ENTIRE Pink Floyd Discography.,"The Pink Jungle (""The Journey"" Performed at Concertgebouw, Amsterdam, 17 September 1969) (Live)",Pink Floyd,4:57,https://music.youtube.com/watch?v=2xX3fRl2BIY
The ENTIRE Pink Floyd Discography.,"The Labyrinth of Auximenes (""The Journey"" Performed at Concertgebouw, Amsterdam, 17 September...",Pink Floyd,3:20,https://music.youtube.com/watch?v=TcmsQMBBhRI
The ENTIRE Pink Floyd Discography.,"Footsteps / Doors (""The Journey"" Performed at Concertgebouw, Amsterdam, 17 September 1969) (Live)",Pink Floyd,3:13,https://music.youtube.com/watch?v=Dl-Lanqm09s
The ENTIRE Pink Floyd Discography.,"Behold the Temple of Light (""The Journey"" Performed at Concertgebouw, Amsterdam, 17 September...",Pink Floyd,5:33,https://music.youtube.com/watch?v=V1LEzSG9XuE
The ENTIRE Pink Floyd Discography.,"The End of the Beginning (""The Journey"" Performed at Concertgebouw, Amsterdam, 17 September...",Pink Floyd,6:32,https://music.youtube.com/watch?v=WNE66aXu07g
The ENTIRE Pink Floyd Discography.,Arnold Layne (2016 Remastered Version),Pink Floyd,2:57,https://music.youtube.com/watch?v=txqhrnUUV_A
The ENTIRE Pink Floyd Discography.,See Emily Play (2016 Remastered Version),Pink Floyd,2:55,https://music.youtube.com/watch?v=GsYWYUylBVw
The ENTIRE Pink Floyd Discography.,Matilda Mother (2010 Mix) [2016 Remastered Version],Pink Floyd,4:00,https://music.youtube.com/watch?v=oVnlTlpuysU
The ENTIRE Pink Floyd Discography.,Jugband Blues (2010 Mix),Pink Floyd,3:02,https://music.youtube.com/watch?v=FIUeE7G070s
The ENTIRE Pink Floyd Discography.,Paintbox (2016 Remastered Version),Pink Floyd,3:47,https://music.youtube.com/watch?v=rGz8d5rQsyM
The ENTIRE Pink Floyd Discography.,Flaming (Live BBC Radio Session 25 September 1967),Pink Floyd,2:43,https://music.youtube.com/watch?v=MMj9GXfna5U
The ENTIRE Pink Floyd Discography.,In the Beechwoods (2010 Mix),Pink Floyd,4:43,https://music.youtube.com/watch?v=WG6WLyEvB5c
The ENTIRE Pink Floyd Discography.,Point Me at the Sky (2016 Remastered Version),Pink Floyd,3:38,https://music.youtube.com/watch?v=bAJ5lkl815c
The ENTIRE Pink Floyd Discography.,"Careful with That Axe, Eugene (Single Version) [2016 Remastered Version]",Pink Floyd,5:45,https://music.youtube.com/watch?v=VuQe_K0UL-M
The ENTIRE Pink Floyd Discography.,"Embryo (From ""Picnic"")",Pink Floyd,4:43,https://music.youtube.com/watch?v=I34lvCVBp1Y
The ENTIRE Pink Floyd Discography.,Ummagumma US Radio Ad,Pink Floyd,0:23,https://music.youtube.com/watch?v=yrD7ajtgVCg
The ENTIRE Pink Floyd Discography.,"Grantchester Meadows (Live BBC Radio Session, 12 May 1969)",Pink Floyd,3:47,https://music.youtube.com/watch?v=8Bys_kmkTuQ
The ENTIRE Pink Floyd Discography.,"Cymbaline (Live BBC Radio Session, 12 May 1969)",Pink Floyd,3:40,https://music.youtube.com/watch?v=QEdu0Hyagyw
The ENTIRE Pink Floyd Discography.,"Interstellar Overdrive (Live at the Paradiso, Amsterdam, 9 August 1969)",Pink Floyd,4:24,https://music.youtube.com/watch?v=aFjmVZ7NxXY
The ENTIRE Pink Floyd Discography.,"Green is the Colour (Live BBC Radio Session, 12 May 1969)",Pink Floyd,3:22,https://music.youtube.com/watch?v=FmB01dUSTUs
The ENTIRE Pink Floyd Discography.,"Careful with That Axe, Eugene (Live BBC Radio Session, 12 May 1969)",Pink Floyd,3:28,https://music.youtube.com/watch?v=BSy2umOziZM
The ENTIRE Pink Floyd Discography.,On the Highway (Zabriskie Point Remix),Pink Floyd,1:17,https://music.youtube.com/watch?v=PyqB3sE3vAw
The ENTIRE Pink Floyd Discography.,Auto Scene Version 2 (Zabriskie Point Remix),Pink Floyd,1:15,https://music.youtube.com/watch?v=eM_gkGPG6PM
The ENTIRE Pink Floyd Discography.,The Riot Scene (Zabriskie Point Remix),Pink Floyd,1:40,https://music.youtube.com/watch?v=1JJT1a89HC0
The ENTIRE Pink Floyd Discography.,Looking at Map (Zabriskie Point Remix),Pink Floyd,1:56,https://music.youtube.com/watch?v=8a1km5eaK1M
The ENTIRE Pink Floyd Discography.,Take Off (Zabriskie Point Remix),Pink Floyd,1:20,https://music.youtube.com/watch?v=WhqqNJCk4nM
The ENTIRE Pink Floyd Discography.,"Embryo (Live BBC Radio Session, 16 July 1970)",Pink Floyd,10:13,https://music.youtube.com/watch?v=vIDNdBNHato
The ENTIRE Pink Floyd Discography.,"Atom Heart Mother (Live in Montreux, 21 November 1970)",Pink Floyd,17:57,https://music.youtube.com/watch?v=uRQuQIF-EHk
The ENTIRE Pink Floyd Discography.,"Nothing, Pt. 14 (Echoes Work in Progress)",Pink Floyd,7:02,https://music.youtube.com/watch?v=qhNgIh_BDWc
The ENTIRE Pink Floyd Discography.,Childhood's End (2016 Remix),Pink Floyd,4:34,https://music.youtube.com/watch?v=rujzqRdEo48
The ENTIRE Pink Floyd Discography.,Free Four (2016 Remix),Pink Floyd,4:17,https://music.youtube.com/watch?v=GMZLE1LdNi4
The ENTIRE Pink Floyd Discography.,Stay (2016 Remix),Pink Floyd,4:09,https://music.youtube.com/watch?v=VnEfljBG3dM
The ENTIRE Pink Floyd Discography.,Point Me at the Sky (2016 Remastered Version),Pink Floyd,3:41,https://music.youtube.com/watch?v=kAWGS4w5nzQ
The ENTIRE Pink Floyd Discography.,It Would Be So Nice (2016 Remastered Version),Pink Floyd,3:47,https://music.youtube.com/watch?v=llTzAIIX_rA
The ENTIRE Pink Floyd Discography.,Julia Dream (2016 Remastered Version),Pink Floyd,2:35,https://music.youtube.com/watch?v=cC5OqhFLuHA
The ENTIRE Pink Floyd Discography.,"Careful with That Axe, Eugene (Single Version) [2016 Remastered Version]",Pink Floyd,5:46,https://music.youtube.com/watch?v=bWcemm-vwPg
The ENTIRE Pink Floyd Discography.,"Song 1 (Capitol Studio Session, Los Angeles, 22 August 1968) (2016 Mix)",Pink Floyd,3:19,https://music.youtube.com/watch?v=hBDutc-nSG4
The ENTIRE Pink Floyd Discography.,"Song 2 (Roger's Boogie) [Capitol Studio Session, 22 August 1968] (2016 Mix)",Pink Floyd,4:36,https://music.youtube.com/watch?v=nfXcT0rVk6k
The ENTIRE Pink Floyd Discography.,"Murderotic Woman (Careful with That Axe, Eugene) (BBC Radio Session, 25 June 1968)",Pink Floyd,3:39,https://music.youtube.com/watch?v=9P0OuquIMLw
The ENTIRE Pink Floyd Discography.,"The Massed Gadgets of Hercules (A Saucerful of Secrets) (BBC Radio Session, 25 June 1968)",Pink Floyd,7:18,https://music.youtube.com/watch?v=pUHUz4K8GwE
The ENTIRE Pink Floyd Discography.,"Let There Be More Light (BBC Radio Session, 25 June 1968)",Pink Floyd,4:33,https://music.youtube.com/watch?v=gfzgXGCwoK4
The ENTIRE Pink Floyd Discography.,"Julia Dream (BBC Radio Session, 25 June 1968)",Pink Floyd,2:48,https://music.youtube.com/watch?v=w260rjf45Wg
The ENTIRE Pink Floyd Discography.,"Point Me at the Sky (BBC Radio Session, 02 December 1968)",Pink Floyd,4:25,https://music.youtube.com/watch?v=2pTsy3nEeB0
The ENTIRE Pink Floyd Discography.,"Embryo (BBC Radio Session, 02 December 1968)",Pink Floyd,3:13,https://music.youtube.com/watch?v=jTQJRjz_LXk
The ENTIRE Pink Floyd Discography.,"Interstellar Overdrive (BBC Radio Session, 02 December 1968)",Pink Floyd,9:37,https://music.youtube.com/watch?v=ripL4mshP0o
The ENTIRE Pink Floyd Discography.,"Atom Heart Mother (Live in Montreux, 21 November 1970)",Pink Floyd,17:59,https://music.youtube.com/watch?v=sbFY8hQjp5w
The ENTIRE Pink Floyd Discography.,"Embryo (Live BBC Radio Session, 16 July 1970)",Pink Floyd,11:10,https://music.youtube.com/watch?v=HoYQfL_YQfg
The ENTIRE Pink Floyd Discography.,"Fat Old Sun (Live BBC Radio Session, 16 July 1970)",Pink Floyd,5:53,https://music.youtube.com/watch?v=zkbhL4Z7ru4
The ENTIRE Pink Floyd Discography.,"Green is the Colour (Live BBC Radio Session, 16 July 1970)",Pink Floyd,3:27,https://music.youtube.com/watch?v=qHmJOOCIksM
The ENTIRE Pink Floyd Discography.,"Careful with That Axe, Eugene (Live BBC Radio Session, 16 July 1970)",Pink Floyd,8:26,https://music.youtube.com/watch?v=FiXUt2iUe64
The ENTIRE Pink Floyd Discography.,"If (Live BBC Radio Session, 16 July 1970)",Pink Floyd,5:47,https://music.youtube.com/watch?v=jIGJ4mC-ajE
The ENTIRE Pink Floyd Discography.,"Atom Heart Mother (Live BBC Radio Session, 16 July 1970)",Pink Floyd,25:31,https://music.youtube.com/watch?v=7QMCQKF_4Zw
The ENTIRE Pink Floyd Discography.,On the Highway (Zabriskie Point Remix),Pink Floyd,1:17,https://music.youtube.com/watch?v=-oJ9_P9iGrk
The ENTIRE Pink Floyd Discography.,Auto Scene Version 2 (Zabriskie Point Remix),Pink Floyd,1:14,https://music.youtube.com/watch?v=dKlqeOibLWQ
The ENTIRE Pink Floyd Discography.,Auto Scene Version 3 (Zabriskie Point Remix),Pink Floyd,1:33,https://music.youtube.com/watch?v=UoFT0mo9BQY
The ENTIRE Pink Floyd Discography.,Aeroplane (Zabriskie Point Remix),Pink Floyd,2:18,https://music.youtube.com/watch?v=oEPOj2JDLBA
The ENTIRE Pink Floyd Discography.,Explosion (Zabriskie Point Remix),Pink Floyd,5:48,https://music.youtube.com/watch?v=9SF0JcuNnCk
The ENTIRE Pink Floyd Discography.,The Riot Scene (Zabriskie Point Remix),Pink Floyd,1:40,https://music.youtube.com/watch?v=UcaSVLMZStc
The ENTIRE Pink Floyd Discography.,Looking at Map (Zabriskie Point Remix),Pink Floyd,1:57,https://music.youtube.com/watch?v=jULbF2yK67M
The ENTIRE Pink Floyd Discography.,Love Scene Version 7 (Zabriskie Point Remix),Pink Floyd,5:04,https://music.youtube.com/watch?v=lMa5GDJ1YH4
The ENTIRE Pink Floyd Discography.,Love Scene Version 1 (Zabriskie Point Remix),Pink Floyd,3:27,https://music.youtube.com/watch?v=YSNO9buAGp4
The ENTIRE Pink Floyd Discography.,Take Off (Zabriskie Point Remix),Pink Floyd,1:21,https://music.youtube.com/watch?v=yqvFXerhrSI
The ENTIRE Pink Floyd Discography.,Take Off Version 2 (Zabriskie Point Remix),Pink Floyd,1:08,https://music.youtube.com/watch?v=ZXqd7-3pGMM
The ENTIRE Pink Floyd Discography.,Love Scene Version 2 (Zabriskie Point Remix),Pink Floyd,1:56,https://music.youtube.com/watch?v=oosKZmguq8k
The ENTIRE Pink Floyd Discography.,Love Scene (Take 1) (Zabriskie Point),Pink Floyd,2:17,https://music.youtube.com/watch?v=2jdf0CWhG2Q
The ENTIRE Pink Floyd Discography.,Unknown Song (Take 1) (Zabriskie Point),Pink Floyd,5:57,https://music.youtube.com/watch?v=B8OgDiNT8io
The ENTIRE Pink Floyd Discography.,Love Scene (Take 2) (Zabriskie Point),Pink Floyd,6:41,https://music.youtube.com/watch?v=FGKKqGW2We0
The ENTIRE Pink Floyd Discography.,Crumbling Land (Take 1) (Zabriskie Point),Pink Floyd,4:09,https://music.youtube.com/watch?v=Fs6xF9mBK98
The ENTIRE Pink Floyd Discography.,Atom Heart Mother (Early Studio Version),Pink Floyd,19:27,https://music.youtube.com/watch?v=fPRM9bGtdhU
The ENTIRE Pink Floyd Discography.,Lucy Leave,Pink Floyd,2:58,https://music.youtube.com/watch?v=kRttvc1U8Bg
The ENTIRE Pink Floyd Discography.,Double O Bo,Pink Floyd,2:57,https://music.youtube.com/watch?v=VwNFheciIQI
The ENTIRE Pink Floyd Discography.,Remember Me,Pink Floyd,2:46,https://music.youtube.com/watch?v=27IprNyFyI4
The ENTIRE Pink Floyd Discography.,Walk with Me Sydney,Pink Floyd,3:12,https://music.youtube.com/watch?v=Svjq9o8d7VY
The ENTIRE Pink Floyd Discography.,Butterfly,Pink Floyd,3:01,https://music.youtube.com/watch?v=oqOVHaGsh7Q
The ENTIRE Pink Floyd Discography.,I'm a King Bee,Pink Floyd,3:14,https://music.youtube.com/watch?v=aNNnZ4TNMwA
The ENTIRE Pink Floyd Discography.,Arnold Layne (2016 Remastered Version),Pink Floyd,2:57,https://music.youtube.com/watch?v=5x9nwd6Ggro
The ENTIRE Pink Floyd Discography.,See Emily Play (2016 Remastered Version),Pink Floyd,2:55,https://music.youtube.com/watch?v=7QcXfBB-JmA
The ENTIRE Pink Floyd Discography.,Apples and Oranges (2016 Remastered Version),Pink Floyd,3:05,https://music.youtube.com/watch?v=eGysKq2S8AE
The ENTIRE Pink Floyd Discography.,Candy and a Currant Bun (2016 Remastered Version),Pink Floyd,2:46,https://music.youtube.com/watch?v=seoMh-NmTPw
The ENTIRE Pink Floyd Discography.,Paintbox (2016 Remastered Version),Pink Floyd,3:48,https://music.youtube.com/watch?v=yrs78yIkeaY
The ENTIRE Pink Floyd Discography.,Matilda Mother (2010 Mix) [2016 Remastered Version],Pink Floyd,4:00,https://music.youtube.com/watch?v=IQZPdAZd0q8
The ENTIRE Pink Floyd Discography.,Jugband Blues (2010 Mix),Pink Floyd,3:03,https://music.youtube.com/watch?v=LmvO0v2hwrQ
The ENTIRE Pink Floyd Discography.,In the Beechwoods (2010 Mix),Pink Floyd,4:41,https://music.youtube.com/watch?v=S27fCx-SGoI
The ENTIRE Pink Floyd Discography.,Vegetable Man (2010 Mix),Pink Floyd,2:30,https://music.youtube.com/watch?v=kr8v1gDXg-Y
The ENTIRE Pink Floyd Discography.,Scream Thy Last Scream (2010 Mix),Pink Floyd,4:43,https://music.youtube.com/watch?v=W3ATdp65E4s
The ENTIRE Pink Floyd Discography.,Introduction (Live in Stockholm 1967),Pink Floyd,0:26,https://music.youtube.com/watch?v=wEtes0ntiJc
The ENTIRE Pink Floyd Discography.,Reaction in G (Live in Stockholm 1967),Pink Floyd,7:19,https://music.youtube.com/watch?v=d3WZ6K3YCPs
The ENTIRE Pink Floyd Discography.,Matilda Mother (Live in Stockholm 1967),Pink Floyd,5:34,https://music.youtube.com/watch?v=l6s-DuK1H7A
The ENTIRE Pink Floyd Discography.,Pow R. Toc H. (Live in Stockholm 1967),Pink Floyd,11:45,https://music.youtube.com/watch?v=MNLA_7nw5ZA
The ENTIRE Pink Floyd Discography.,Scream Thy Last Scream (Live in Stockholm 1967),Pink Floyd,4:01,https://music.youtube.com/watch?v=InvjcDTO3eY
The ENTIRE Pink Floyd Discography.,Set the Controls for the Heart of the Sun (Live in Stockholm 1967),Pink Floyd,7:17,https://music.youtube.com/watch?v=4AAYHBcE5Uk
The ENTIRE Pink Floyd Discography.,See Emily Play (Live in Stockholm 1967),Pink Floyd,3:16,https://music.youtube.com/watch?v=nHihY_UrNnM
The ENTIRE Pink Floyd Discography.,Interstellar Overdrive (Live in Stockholm 1967),Pink Floyd,8:55,https://music.youtube.com/watch?v=WogsUCrpuoo
The ENTIRE Pink Floyd Discography.,John Latham Version 1,Pink Floyd,4:32,https://music.youtube.com/watch?v=7ntdpYvQMZc
The ENTIRE Pink Floyd Discography.,John Latham Version 2,Pink Floyd,5:07,https://music.youtube.com/watch?v=Y9vkV96iS7w
The ENTIRE Pink Floyd Discography.,John Latham Version 3,Pink Floyd,3:46,https://music.youtube.com/watch?v=zhRRsIkuBB4
The ENTIRE Pink Floyd Discography.,John Latham Version 4,Pink Floyd,3:00,https://music.youtube.com/watch?v=NYR4aHk8qY4
The ENTIRE Pink Floyd Discography.,John Latham Version 5,Pink Floyd,2:48,https://music.youtube.com/watch?v=mwnTZEg_UsA
The ENTIRE Pink Floyd Discography.,John Latham Version 6,Pink Floyd,3:17,https://music.youtube.com/watch?v=7chlm6jL-zo
The ENTIRE Pink Floyd Discography.,John Latham Version 7,Pink Floyd,2:37,https://music.youtube.com/watch?v=611ivJTUdjY
The ENTIRE Pink Floyd Discography.,John Latham Version 8,Pink Floyd,2:50,https://music.youtube.com/watch?v=pL3u1e9nGDs
The ENTIRE Pink Floyd Discography.,John Latham Version 9,Pink Floyd,2:38,https://music.youtube.com/watch?v=z-dGgesnjtk
The ENTIRE Pink Floyd Discography.,"Nothing, Pt. 14 (Echoes Work in Progress)",Pink Floyd,7:01,https://music.youtube.com/watch?v=b3MmydE7rRk
The ENTIRE Pink Floyd Discography.,"Fat Old Sun (Live BBC Radio Session, 30 September 1971)",Pink Floyd,15:33,https://music.youtube.com/watch?v=V0DhkRSoiCc
The ENTIRE Pink Floyd Discography.,"One of These Days (Live BBC Radio Session, 30 September 1971)",Pink Floyd,7:20,https://music.youtube.com/watch?v=JDGPhdfJQTI
The ENTIRE Pink Floyd Discography.,"Embryo (Live BBC Radio Session, 30 September 1971)",Pink Floyd,10:44,https://music.youtube.com/watch?v=zlChNjgcYyE
The ENTIRE Pink Floyd Discography.,"Echoes (Live BBC Radio Session, 30 September 1971)",Pink Floyd,26:25,https://music.youtube.com/watch?v=erhVy0Zy-_Q
The ENTIRE Pink Floyd Discography.,Shine On You Crazy Diamond (Parts 1-5) (Live at Knebworth 1990),Pink Floyd,11:18,https://music.youtube.com/watch?v=q3svIE-1-GE
The ENTIRE Pink Floyd Discography.,Marooned Jam (1994 Recording),Pink Floyd,3:20,https://music.youtube.com/watch?v=CPiPWNZOxkM
The ENTIRE Pink Floyd Discography.,One Slip (Remix 2019),Pink Floyd,5:10,https://music.youtube.com/watch?v=GclIC3ZpePg
The ENTIRE Pink Floyd Discography.,Lost for Words (Tour Rehearsal 1994),Pink Floyd,5:35,https://music.youtube.com/watch?v=P4y_EsinUss
The ENTIRE Pink Floyd Discography.,Us and Them (2019 remix [Live]),Pink Floyd,7:40,https://music.youtube.com/watch?v=X3eNMXfPKMA
The ENTIRE Pink Floyd Discography.,Comfortably Numb (Live at Knebworth 1990),Pink Floyd,7:43,https://music.youtube.com/watch?v=CtgnvUSH78c
The ENTIRE Pink Floyd Discography.,Sorrow (Remix 2019),Pink Floyd,8:47,https://music.youtube.com/watch?v=tnh8TVJ6H3k
The ENTIRE Pink Floyd Discography.,Learning to Fly (2019 remix [Live]),Pink Floyd,5:20,https://music.youtube.com/watch?v=N-Ix4uNF1A4
The ENTIRE Pink Floyd Discography.,"High Hopes (Early Version, 1994 Recording)",Pink Floyd,6:56,https://music.youtube.com/watch?v=6ElZG-THVto
The ENTIRE Pink Floyd Discography.,On the Turning Away (Remix 2019),Pink Floyd,5:41,https://music.youtube.com/watch?v=IDRqc-aKHPg
The ENTIRE Pink Floyd Discography.,Wish You Were Here (Live at Knebworth 1990),Pink Floyd,4:44,https://music.youtube.com/watch?v=68cyyoToe-c
The ENTIRE Pink Floyd Discography.,Run Like Hell (2019 remix [Live]),Pink Floyd,7:46,https://music.youtube.com/watch?v=-NP7BzLguVo
The ENTIRE Pink Floyd Discography.,Signs of Life (Remix 2019),Pink Floyd,4:24,https://music.youtube.com/watch?v=fCbgavAOdg4
The ENTIRE Pink Floyd Discography.,Learning to Fly (Remix 2019),Pink Floyd,4:53,https://music.youtube.com/watch?v=IY52a3bco58
The ENTIRE Pink Floyd Discography.,The Dogs of War (Remix 2019),Pink Floyd,6:05,https://music.youtube.com/watch?v=JYhlD46T6rY
The ENTIRE Pink Floyd Discography.,One Slip (Remix 2019),Pink Floyd,5:11,https://music.youtube.com/watch?v=Zqf98GXs-1s
The ENTIRE Pink Floyd Discography.,On the Turning Away (Remix 2019),Pink Floyd,5:43,https://music.youtube.com/watch?v=GwCesVu3Ljw
The ENTIRE Pink Floyd Discography.,Yet Another Movie (Remix 2019),Pink Floyd,6:16,https://music.youtube.com/watch?v=VUo54e2-LGI
The ENTIRE Pink Floyd Discography.,Round and Around (Remix 2019),Pink Floyd,1:13,https://music.youtube.com/watch?v=wougtrkuiZM
The ENTIRE Pink Floyd Discography.,A New Machine Part 1 (Remix 2019),Pink Floyd,1:47,https://music.youtube.com/watch?v=Nf-gPlUPipQ
The ENTIRE Pink Floyd Discography.,Terminal Frost (Remix 2019),Pink Floyd,6:17,https://music.youtube.com/watch?v=mEnRk-eA778
The ENTIRE Pink Floyd Discography.,A New Machine Part 2 (Remix 2019),Pink Floyd,0:40,https://music.youtube.com/watch?v=kd57ZIfzv0Y
The ENTIRE Pink Floyd Discography.,Sorrow (Remix 2019),Pink Floyd,8:48,https://music.youtube.com/watch?v=c-DSjWoFMkY
The ENTIRE Pink Floyd Discography.,Shine On You Crazy Diamond (Parts 1-5) (2019 remix [Live]),Pink Floyd,12:10,https://music.youtube.com/watch?v=qhOUWqPzTho
The ENTIRE Pink Floyd Discography.,Signs of Life (2019 remix [Live]),Pink Floyd,3:19,https://music.youtube.com/watch?v=XaCIAUtbeTY
The ENTIRE Pink Floyd Discography.,Learning to Fly (2019 remix [Live]),Pink Floyd,5:16,https://music.youtube.com/watch?v=TiIOeoUrb6o
The ENTIRE Pink Floyd Discography.,Yet Another Movie (2019 remix [Live]),Pink Floyd,6:17,https://music.youtube.com/watch?v=tEY9Opx4GmY
The ENTIRE Pink Floyd Discography.,Round and Around (2019 remix [Live]),Pink Floyd,0:35,https://music.youtube.com/watch?v=jX0DTqqnpEU
The ENTIRE Pink Floyd Discography.,A New Machine Part 1 (2019 remix [Live]),Pink Floyd,1:36,https://music.youtube.com/watch?v=LMYQYHNo87I
The ENTIRE Pink Floyd Discography.,Terminal Frost (2019 remix [Live]),Pink Floyd,6:18,https://music.youtube.com/watch?v=qe9Okk2vZCE
The ENTIRE Pink Floyd Discography.,A New Machine Part 2 (2019 remix [Live]),Pink Floyd,0:35,https://music.youtube.com/watch?v=NYB2Jqrb7HY
The ENTIRE Pink Floyd Discography.,Sorrow (2019 remix [Live]),Pink Floyd,10:26,https://music.youtube.com/watch?v=Gter8wQZEaI
The ENTIRE Pink Floyd Discography.,The Dogs of War (2019 remix [Live]),Pink Floyd,8:03,https://music.youtube.com/watch?v=Y2BmdmuWVek
The ENTIRE Pink Floyd Discography.,On the Turning Away (2019 remix [Live]),Pink Floyd,9:14,https://music.youtube.com/watch?v=kdMe-DNyIV8
The ENTIRE Pink Floyd Discography.,One of These Days (2019 remix [Live]),Pink Floyd,6:19,https://music.youtube.com/watch?v=eq0V84vdlas
The ENTIRE Pink Floyd Discography.,Time (2019 remix [Live]),Pink Floyd,5:19,https://music.youtube.com/watch?v=4Nnz12jLe6o
The ENTIRE Pink Floyd Discography.,On the Run (2019 remix [Live]),Pink Floyd,2:49,https://music.youtube.com/watch?v=02AEsbwfIb4
The ENTIRE Pink Floyd Discography.,The Great Gig In the Sky (2019 remix [Live]),Pink Floyd,4:51,https://music.youtube.com/watch?v=nzpPidVUmqA
The ENTIRE Pink Floyd Discography.,Wish You Were Here (2019 remix [Live]),Pink Floyd,4:39,https://music.youtube.com/watch?v=SPXofJwi1ZQ
The ENTIRE Pink Floyd Discography.,Welcome to the Machine (2019 remix [Live]),Pink Floyd,7:46,https://music.youtube.com/watch?v=EcMo3D89cLk
The ENTIRE Pink Floyd Discography.,Us and Them (2019 remix [Live]),Pink Floyd,7:38,https://music.youtube.com/watch?v=J0ywFs1n8VI
The ENTIRE Pink Floyd Discography.,Money (2019 remix [Live]),Pink Floyd,8:18,https://music.youtube.com/watch?v=HdMT8jvz1cQ
The ENTIRE Pink Floyd Discography.,"Another Brick In the Wall, Part 2 (2019 remix [Live])",Pink Floyd,5:27,https://music.youtube.com/watch?v=A_dqNiREGls
The ENTIRE Pink Floyd Discography.,Comfortably Numb (2019 remix [Live]),Pink Floyd,9:55,https://music.youtube.com/watch?v=umBibIbqdgU
The ENTIRE Pink Floyd Discography.,One Slip (2019 remix [Live]),Pink Floyd,6:09,https://music.youtube.com/watch?v=ep8Lc-QCqBo
The ENTIRE Pink Floyd Discography.,Run Like Hell (2019 remix [Live]),Pink Floyd,8:11,https://music.youtube.com/watch?v=_W7ZIY2tLqg
The ENTIRE Pink Floyd Discography.,One of These Days (Live in Hanover 1994),Pink Floyd,6:58,https://music.youtube.com/watch?v=rzDzfsEwFr8
The ENTIRE Pink Floyd Discography.,Astronomy Domine (Live in Miami 1994),Pink Floyd,4:47,https://music.youtube.com/watch?v=HGp7PgPZZIo
The ENTIRE Pink Floyd Discography.,The Dogs of War (Live in Atlanta 1987),Pink Floyd,7:11,https://music.youtube.com/watch?v=uZAmFDryNl4
The ENTIRE Pink Floyd Discography.,On the Turning Away (Live in Atlanta 1987),Pink Floyd,6:53,https://music.youtube.com/watch?v=UrRc-GNa8is
The ENTIRE Pink Floyd Discography.,Run Like Hell (Live in Atlanta 1987),Pink Floyd,7:22,https://music.youtube.com/watch?v=awSy83sUNSg
The ENTIRE Pink Floyd Discography.,Blues 1 (1994 Recording),Pink Floyd,5:24,https://music.youtube.com/watch?v=vToy5w6y-Lo
The ENTIRE Pink Floyd Discography.,Slippery Guitar (1994 Recording),Pink Floyd,6:41,https://music.youtube.com/watch?v=WxEp2MB56Y4
The ENTIRE Pink Floyd Discography.,Rick's Theme (1994 Recording),Pink Floyd,2:34,https://music.youtube.com/watch?v=Ly0kXWUTk9k
The ENTIRE Pink Floyd Discography.,David's Blues (1994 Recording),Pink Floyd,4:29,https://music.youtube.com/watch?v=gfObsk4aMcU
The ENTIRE Pink Floyd Discography.,Marooned Jam (1994 Recording),Pink Floyd,3:18,https://music.youtube.com/watch?v=yFfvqESDW00
The ENTIRE Pink Floyd Discography.,Nervana (1994 Recording),Pink Floyd,4:57,https://music.youtube.com/watch?v=NaiUE3iGjR0
The ENTIRE Pink Floyd Discography.,"High Hopes (Early Version, 1994 Recording)",Pink Floyd,6:56,https://music.youtube.com/watch?v=xb21SuopZxc
The ENTIRE Pink Floyd Discography.,Shine On You Crazy Diamond (Parts 1-5) (2019 remix [Live]),Pink Floyd,12:10,https://music.youtube.com/watch?v=zbjl64isYhY
The ENTIRE Pink Floyd Discography.,Signs of Life (2019 remix [Live]),Pink Floyd,3:19,https://music.youtube.com/watch?v=gdEZ-CzjAX8
The ENTIRE Pink Floyd Discography.,Learning to Fly (2019 remix [Live]),Pink Floyd,5:16,https://music.youtube.com/watch?v=M-dfXeQK9qo
The ENTIRE Pink Floyd Discography.,Yet Another Movie (2019 remix [Live]),Pink Floyd,6:17,https://music.youtube.com/watch?v=fLOwLdZmIIM
The ENTIRE Pink Floyd Discography.,Round and Around (2019 remix [Live]),Pink Floyd,0:35,https://music.youtube.com/watch?v=HR3DJ_bRRO0
The ENTIRE Pink Floyd Discography.,A New Machine Part 1 (2019 remix [Live]),Pink Floyd,1:36,https://music.youtube.com/watch?v=2XZQu7uYoCc
The ENTIRE Pink Floyd Discography.,Terminal Frost (2019 remix [Live]),Pink Floyd,6:18,https://music.youtube.com/watch?v=aRmmHxRRPtQ
The ENTIRE Pink Floyd Discography.,A New Machine Part 2 (2019 remix [Live]),Pink Floyd,0:35,https://music.youtube.com/watch?v=eW7x5wFwOJ4
The ENTIRE Pink Floyd Discography.,Sorrow (2019 remix [Live]),Pink Floyd,10:26,https://music.youtube.com/watch?v=FdnIV1NhzCc
The ENTIRE Pink Floyd Discography.,The Dogs of War (2019 remix [Live]),Pink Floyd,8:03,https://music.youtube.com/watch?v=tp6mQhHgY1Y
The ENTIRE Pink Floyd Discography.,On the Turning Away (2019 remix [Live]),Pink Floyd,9:14,https://music.youtube.com/watch?v=fVMKLUR161g
The ENTIRE Pink Floyd Discography.,One of These Days (2019 remix [Live]),Pink Floyd,6:19,https://music.youtube.com/watch?v=sDM9OoHzX0A
The ENTIRE Pink Floyd Discography.,Time (2019 remix [Live]),Pink Floyd,5:19,https://music.youtube.com/watch?v=XbBJoND8RLQ
The ENTIRE Pink Floyd Discography.,On the Run (2019 remix [Live]),Pink Floyd,2:49,https://music.youtube.com/watch?v=hxciFYduEEw
The ENTIRE Pink Floyd Discography.,The Great Gig In the Sky (2019 remix [Live]),Pink Floyd,4:51,https://music.youtube.com/watch?v=vpH_4wSp-iQ
The ENTIRE Pink Floyd Discography.,Wish You Were Here (2019 remix [Live]),Pink Floyd,4:39,https://music.youtube.com/watch?v=NS_xMTqIu0E
The ENTIRE Pink Floyd Discography.,Welcome to the Machine (2019 remix [Live]),Pink Floyd,7:46,https://music.youtube.com/watch?v=CjjP7uvBelA
The ENTIRE Pink Floyd Discography.,Us and Them (2019 remix [Live]),Pink Floyd,7:38,https://music.youtube.com/watch?v=Nfr0qmw22WQ
The ENTIRE Pink Floyd Discography.,Money (2019 remix [Live]),Pink Floyd,8:18,https://music.youtube.com/watch?v=z_S4mTpfCH8
The ENTIRE Pink Floyd Discography.,"Another Brick In the Wall, Part 2 (2019 remix [Live])",Pink Floyd,5:27,https://music.youtube.com/watch?v=TJcbZqrEYao
The ENTIRE Pink Floyd Discography.,Comfortably Numb (2019 remix [Live]),Pink Floyd,9:55,https://music.youtube.com/watch?v=pKoQicZY4gQ
The ENTIRE Pink Floyd Discography.,One Slip (2019 remix [Live]),Pink Floyd,6:09,https://music.youtube.com/watch?v=n-cWyhK8Q_Q
The ENTIRE Pink Floyd Discography.,Run Like Hell (2019 remix [Live]),Pink Floyd,8:11,https://music.youtube.com/watch?v=R_pJjDgOr8o
The ENTIRE Pink Floyd Discography.,Shine On You Crazy Diamond (Parts 1-5) (Live at Knebworth 1990),Pink Floyd,11:07,https://music.youtube.com/watch?v=4qmDmg6UuHs
The ENTIRE Pink Floyd Discography.,The Great Gig In the Sky (Live at Knebworth 1990),Pink Floyd,5:05,https://music.youtube.com/watch?v=jo4H87mi0lU
The ENTIRE Pink Floyd Discography.,Wish You Were Here (Live at Knebworth 1990),Pink Floyd,4:48,https://music.youtube.com/watch?v=XGDT8ritmpU
The ENTIRE Pink Floyd Discography.,Sorrow (Live at Knebworth 1990),Pink Floyd,9:35,https://music.youtube.com/watch?v=R5IMdUBy0K8
The ENTIRE Pink Floyd Discography.,Money (Live at Knebworth 1990),Pink Floyd,10:11,https://music.youtube.com/watch?v=enAL-Co2Dgw
The ENTIRE Pink Floyd Discography.,Comfortably Numb (Live at Knebworth 1990),Pink Floyd,7:48,https://music.youtube.com/watch?v=PAEv2TDTIF4
The ENTIRE Pink Floyd Discography.,Run Like Hell (Live at Knebworth 1990),Pink Floyd,7:15,https://music.youtube.com/watch?v=MLqFxrgJ-Ps
The ENTIRE Pink Floyd Discography.,Signs of Life (Remix 2019),Pink Floyd,4:24,https://music.youtube.com/watch?v=7gqu0MNycnM
The ENTIRE Pink Floyd Discography.,Learning to Fly (Remix 2019),Pink Floyd,4:53,https://music.youtube.com/watch?v=Da-5m2HokNs
The ENTIRE Pink Floyd Discography.,The Dogs of War (Remix 2019),Pink Floyd,6:05,https://music.youtube.com/watch?v=AcCpy1xSLOc
The ENTIRE Pink Floyd Discography.,One Slip (Remix 2019),Pink Floyd,5:11,https://music.youtube.com/watch?v=XDmOEHKMWEc
The ENTIRE Pink Floyd Discography.,On the Turning Away (Remix 2019),Pink Floyd,5:43,https://music.youtube.com/watch?v=sNn4EeUp8AU
The ENTIRE Pink Floyd Discography.,Yet Another Movie (Remix 2019),Pink Floyd,6:16,https://music.youtube.com/watch?v=6mEUKD7O_0w
The ENTIRE Pink Floyd Discography.,Round and Around (Remix 2019),Pink Floyd,1:13,https://music.youtube.com/watch?v=uZjbLbUQGWU
The ENTIRE Pink Floyd Discography.,A New Machine Part 1 (Remix 2019),Pink Floyd,1:47,https://music.youtube.com/watch?v=Ew7_V-uqJcM
The ENTIRE Pink Floyd Discography.,Terminal Frost (Remix 2019),Pink Floyd,6:17,https://music.youtube.com/watch?v=wWD56TLXIjc
The ENTIRE Pink Floyd Discography.,A New Machine Part 2 (Remix 2019),Pink Floyd,0:40,https://music.youtube.com/watch?v=MZRhk8-GhcY
The ENTIRE Pink Floyd Discography.,Sorrow (Remix 2019),Pink Floyd,8:48,https://music.youtube.com/watch?v=xC6e-n4cWlY
The ENTIRE Pink Floyd Discography.,Pigs on the Wing 1 (2018 Remix),Pink Floyd,1:25,https://music.youtube.com/watch?v=dS9Eqm4m8HM
The ENTIRE Pink Floyd Discography.,Dogs (2018 Remix),Pink Floyd,17:07,https://music.youtube.com/watch?v=OHl66tklRiQ
The ENTIRE Pink Floyd Discography.,Pigs (Three Different Ones) (2018 Remix),Pink Floyd,11:27,https://music.youtube.com/watch?v=FufI5e9tFBk
The ENTIRE Pink Floyd Discography.,Sheep (2018 Remix),Pink Floyd,10:18,https://music.youtube.com/watch?v=XP7zJLdJ4Jo
The ENTIRE Pink Floyd Discography.,Pigs on the Wing 2 (2018 Remix),Pink Floyd,1:33,https://music.youtube.com/watch?v=c5iKKerEZJ0
The ENTIRE Pink Floyd Discography.,Speak to Me (Live at Wembley 1974 - 2023 Master),Pink Floyd,2:46,https://music.youtube.com/watch?v=rFAMP0uWXfM
The ENTIRE Pink Floyd Discography.,Breathe (In the Air) (Live at Wembley 1974 - 2023 Master),Pink Floyd,2:51,https://music.youtube.com/watch?v=4beuUVr6jxM
The ENTIRE Pink Floyd Discography.,On the Run (Live at Wembley 1974 - 2023 Master),Pink Floyd,5:09,https://music.youtube.com/watch?v=Hxc9R2TQ7QQ
The ENTIRE Pink Floyd Discography.,Time (Live at Wembley 1974 - 2023 Master),Pink Floyd,6:32,https://music.youtube.com/watch?v=M1WciunZgDM
The ENTIRE Pink Floyd Discography.,The Great Gig in the Sky (Live at Wembley 1974 - 2023 Master),Pink Floyd,6:51,https://music.youtube.com/watch?v=MNgr__x6Gl0
The ENTIRE Pink Floyd Discography.,Money (Live at Wembley 1974 - 2023 Master),Pink Floyd,8:41,https://music.youtube.com/watch?v=f6nTUL8jvaU
The ENTIRE Pink Floyd Discography.,Us and Them (Live at Wembley 1974 - 2023 Master),Pink Floyd,8:10,https://music.youtube.com/watch?v=UMd0QTvTw3I
The ENTIRE Pink Floyd Discography.,Any Colour You Like (Live at Wembley 1974 - 2023 Master),Pink Floyd,8:11,https://music.youtube.com/watch?v=8J57dp1HcbU
The ENTIRE Pink Floyd Discography.,Brain Damage (Live at Wembley 1974 - 2023 Master),Pink Floyd,3:44,https://music.youtube.com/watch?v=SaJ2rVepR2I
The ENTIRE Pink Floyd Discography.,Eclipse (Live at Wembley 1974 - 2023 Master),Pink Floyd,2:17,https://music.youtube.com/watch?v=Bt-91R7RWX8
The ENTIRE Pink Floyd Discography.,Murderotic Woman (Careful WIth That Axe Eugene),Pink Floyd,3:39,https://music.youtube.com/watch?v=uWhl5G7vOtU
The ENTIRE Pink Floyd Discography.,The Massed Gadgets Of Hercules (Live),Pink Floyd,7:18,https://music.youtube.com/watch?v=EOqlwDCXLEU
The ENTIRE Pink Floyd Discography.,Let There Be More Light (Live),Pink Floyd,4:27,https://music.youtube.com/watch?v=7K1fYMsvAOI
The ENTIRE Pink Floyd Discography.,Julia Dream (Live),Pink Floyd,2:50,https://music.youtube.com/watch?v=0W2e6E7FIQQ
The ENTIRE Pink Floyd Discography.,Set The Controls For The Heart Of The Sun (Live),Pink Floyd,6:37,https://music.youtube.com/watch?v=dQMPi_iq9gU
The ENTIRE Pink Floyd Discography.,Astronomy Domine (Live),Pink Floyd,2:43,https://music.youtube.com/watch?v=Dz542cEcElg
The ENTIRE Pink Floyd Discography.,Flaming (Live),Pink Floyd,2:41,https://music.youtube.com/watch?v=O3_C66lKOHs
The ENTIRE Pink Floyd Discography.,Set The Controls For The Heart Of The Sun (Live),Pink Floyd,4:43,https://music.youtube.com/watch?v=gB7V7ZbdLF8
The ENTIRE Pink Floyd Discography.,Let There Be More Light (Live),Pink Floyd,3:30,https://music.youtube.com/watch?v=LE5qyt7k2I8
The ENTIRE Pink Floyd Discography.,Astronomy Domine (Live),Pink Floyd,6:47,https://music.youtube.com/watch?v=l7deAANMjNo
The ENTIRE Pink Floyd Discography.,Interstellar Overdrive (Live),Pink Floyd,6:42,https://music.youtube.com/watch?v=Q9xBzmbJgVs
The ENTIRE Pink Floyd Discography.,Let There Be More Light (Live),Pink Floyd,3:40,https://music.youtube.com/watch?v=NnHmiJrR1z8
The ENTIRE Pink Floyd Discography.,Pompeii Intro (Live at Pompeii - MCMLXXII - 2025 Mix),Pink Floyd,3:31,https://music.youtube.com/watch?v=RrI6MgRQ3IY
The ENTIRE Pink Floyd Discography.,Echoes - Part 1 (Live at Pompeii - MCMLXXII - 2025 Mix),Pink Floyd,11:56,https://music.youtube.com/watch?v=tKM_fepLwFg
The ENTIRE Pink Floyd Discography.,"Careful with That Axe, Eugene (Live at Pompeii - MCMLXXII - 2025 Mix)",Pink Floyd,6:38,https://music.youtube.com/watch?v=QdEp7M9JsQ4
The ENTIRE Pink Floyd Discography.,A Saucerful of Secrets (Live at Pompeii - MCMLXXII - 2025 Mix),Pink Floyd,10:11,https://music.youtube.com/watch?v=r6ibhTfhKas
The ENTIRE Pink Floyd Discography.,One of These Days (Live at Pompeii - MCMLXXII - 2025 Mix),Pink Floyd,5:56,https://music.youtube.com/watch?v=N6vH8HxMc0w
The ENTIRE Pink Floyd Discography.,Set the Controls for the Heart of the Sun (Live at Pompeii - MCMLXXII - 2025 Mix),Pink Floyd,10:30,https://music.youtube.com/watch?v=fmCDlABzsrU
The ENTIRE Pink Floyd Discography.,Mademoiselle Nobs (Live at Pompeii - MCMLXXII - 2025 Mix),Pink Floyd,1:50,https://music.youtube.com/watch?v=KiczQQwWtm8
The ENTIRE Pink Floyd Discography.,Echoes - Part 2 (Live at Pompeii - MCMLXXII - 2025 Mix),Pink Floyd,13:24,https://music.youtube.com/watch?v=hcYzO65j7qM
The ENTIRE Pink Floyd Discography.,"Careful with That Axe, Eugene - Alternate Take (Live at Pompeii - MCMLXXII - 2025 Mix)",Pink Floyd,6:03,https://music.youtube.com/watch?v=shkRuivdbv0
The ENTIRE Pink Floyd Discography.,A Saucerful of Secrets - Unedited (Live at Pompeii - MCMLXXII - 2025 Mix),Pink Floyd,12:45,https://music.youtube.com/watch?v=YUrKrKlNwXE
The ENTIRE Pink Floyd Discography.,Echoes - Part 1 - Edit (Live at Pompeii - MCMLXXII - 2025 Mix),Pink Floyd,5:50,https://music.youtube.com/watch?v=vz6J70MSEi8
The ENTIRE Pink Floyd Discography.,Shine On You Crazy Diamond (Pts. 1-5),Pink Floyd,13:35,https://music.youtube.com/watch?v=vqoLcKB-eOQ
The ENTIRE Pink Floyd Discography.,Welcome to the Machine,Pink Floyd,7:31,https://music.youtube.com/watch?v=mPhlkHaVkkg
The ENTIRE Pink Floyd Discography.,Have a Cigar,Pink Floyd,5:08,https://music.youtube.com/watch?v=li73V5SgcY0
The ENTIRE Pink Floyd Discography.,Wish You Were Here,Pink Floyd,5:39,https://music.youtube.com/watch?v=nFs6M4Ay8Co
The ENTIRE Pink Floyd Discography.,Shine On You Crazy Diamond (Pts. 6-9),Pink Floyd,12:26,https://music.youtube.com/watch?v=AvaYKxBgT1M
The ENTIRE Pink Floyd Discography.,Wine Glasses,Pink Floyd,2:12,https://music.youtube.com/watch?v=iuZ5ZrHbQDg
The ENTIRE Pink Floyd Discography.,Have A Cigar (Alternate Version),Pink Floyd,7:11,https://music.youtube.com/watch?v=UFK9tvgbBlc
The ENTIRE Pink Floyd Discography.,Wish You Were Here,Pink Floyd,6:11,https://music.youtube.com/watch?v=txJK9CPvV4o
The ENTIRE Pink Floyd Discography.,"Shine On You Crazy Diamond (Early Instrumental Version, Rough Mix)",Pink Floyd,18:54,https://music.youtube.com/watch?v=6I0-YRoS2yA
The ENTIRE Pink Floyd Discography.,The Machine Song (Roger's Demo),Pink Floyd,4:15,https://music.youtube.com/watch?v=1Aond5yebZE
The ENTIRE Pink Floyd Discography.,"The Machine Song (Demo #2, Revisited)",Pink Floyd,5:32,https://music.youtube.com/watch?v=LqNmYjTC5l4
The ENTIRE Pink Floyd Discography.,Wish You Were Here (Take 1),Pink Floyd,5:01,https://music.youtube.com/watch?v=9hPgeya_jUA
The ENTIRE Pink Floyd Discography.,Wish You Were Here (Pedal Steel Instrumental Mix),Pink Floyd,6:02,https://music.youtube.com/watch?v=CG2TRhy6KtA
The ENTIRE Pink Floyd Discography.,"Shine On You Crazy Diamond (Pts. 1-9, New Stereo Mix)",Pink Floyd,25:26,https://music.youtube.com/watch?v=cY_0Ypdab0s
The ENTIRE Pink Floyd Discography.,"Raving And Drooling (Live from the Los Angeles Sports Arena, 1975)",Pink Floyd,12:34,https://music.youtube.com/watch?v=Ny9UJat_GKs
The ENTIRE Pink Floyd Discography.,"You've Got To Be Crazy (Live from the Los Angeles Sports Arena, 1975)",Pink Floyd,13:50,https://music.youtube.com/watch?v=AJxAECt0Rm4
The ENTIRE Pink Floyd Discography.,"Shine On You Crazy Diamond (Pts. 1-5) (Live from the Los Angeles Sports Arena, 1975)",Pink Floyd,12:37,https://music.youtube.com/watch?v=eQ09fW1njeU
The ENTIRE Pink Floyd Discography.,"Have a Cigar (Live from the Los Angeles Sports Arena, 1975)",Pink Floyd,4:37,https://music.youtube.com/watch?v=v4CJ7MobS_E
The ENTIRE Pink Floyd Discography.,"Shine On You Crazy Diamond (Pts. 6-9) (Live from the Los Angeles Sports Arena, 1975)",Pink Floyd,13:33,https://music.youtube.com/watch?v=7rI9QOyq5yE
The ENTIRE Pink Floyd Discography.,"Speak to Me (Live from the Los Angeles Sports Arena, 1975)",Pink Floyd,3:18,https://music.youtube.com/watch?v=DAHrqh3S3ww
The ENTIRE Pink Floyd Discography.,"Breathe (In the Air) (Live from the Los Angeles Sports Arena, 1975)",Pink Floyd,3:00,https://music.youtube.com/watch?v=_NWyE0IxoBg
The ENTIRE Pink Floyd Discography.,"On the Run (Live from the Los Angeles Sports Arena, 1975)",Pink Floyd,4:33,https://music.youtube.com/watch?v=gLIjyOOoZw0
The ENTIRE Pink Floyd Discography.,"Time (Live from the Los Angeles Sports Arena, 1975)",Pink Floyd,6:31,https://music.youtube.com/watch?v=45DowcMShMw
The ENTIRE Pink Floyd Discography.,"The Great Gig in the Sky (Live from the Los Angeles Sports Arena, 1975)",Pink Floyd,6:09,https://music.youtube.com/watch?v=vRbI1wbTtqs
The ENTIRE Pink Floyd Discography.,"Money (Live from the Los Angeles Sports Arena, 1975)",Pink Floyd,8:08,https://music.youtube.com/watch?v=Ljmw5EZsjM8
The ENTIRE Pink Floyd Discography.,"Us and Them (Live from the Los Angeles Sports Arena, 1975)",Pink Floyd,7:54,https://music.youtube.com/watch?v=5T24IvGMCwo
The ENTIRE Pink Floyd Discography.,"Any Colour You Like (Live from the Los Angeles Sports Arena, 1975)",Pink Floyd,8:32,https://music.youtube.com/watch?v=Q7E_kkelIZg
The ENTIRE Pink Floyd Discography.,"Brain Damage (Live from the Los Angeles Sports Arena, 1975)",Pink Floyd,3:39,https://music.youtube.com/watch?v=FwAkiYD1M3A
The ENTIRE Pink Floyd Discography.,"Eclipse (Live from the Los Angeles Sports Arena, 1975)",Pink Floyd,2:41,https://music.youtube.com/watch?v=Z4YqFhzAxIw
The ENTIRE Pink Floyd Discography.,"Echoes (Live from the Los Angeles Sports Arena, 1975)",Pink Floyd,22:27,https://music.youtube.com/watch?v=Vi1euFPqf88
melody-for-study,This Playlist Will Make Studying Physics Seem Cool,ultravclet,39:18,https://music.youtube.com/watch?v=BfdGBBSQ2fU
melody-for-study,When the Stakes Are High | Focus Music,Cinematic Focus,1:00:14,https://music.youtube.com/watch?v=TIqsKXQHvFI
melody-for-study,𝐘𝐨𝐮 𝐚𝐫𝐞 𝐡𝐞𝐚𝐫𝐢𝐧𝐠 𝐭𝐡𝐞 𝐦𝐮𝐬𝐢𝐜 | 𝐎𝐩𝐩𝐞𝐧𝐡𝐞𝐢𝐦𝐞𝐫 𝐒𝐨𝐮𝐧𝐝𝐭𝐫𝐚𝐜𝐤,𝐌𝐔𝐍𝐃𝐈 𝐎𝐏𝐔𝐒,1:00:37,https://music.youtube.com/watch?v=LYigiwbaX_U
melody-for-study,You Are Solving The Impossible | Interstellar Soundtrack,Cinematic Focus,1:00:00,https://music.youtube.com/watch?v=WHqbqzqeskw
melody-for-study,"I’m tired, but I can’t stop now",Baram Piano,1:00:20,https://music.youtube.com/watch?v=uzwvOGQHH1o
melody-for-study,∫ a dark academia playlist to study math ∫,Dark Dreamers,3:28:47,https://music.youtube.com/watch?v=f7c76IqUuUQ
melody-for-study,𝐘𝐨𝐮 𝐚𝐫𝐞 𝐝𝐞𝐬𝐢𝐠𝐧𝐢𝐧𝐠 𝐝𝐫𝐞𝐚𝐦𝐬 | 𝐈𝐧𝐜𝐞𝐩𝐭𝐢𝐨𝐧 𝐒𝐨𝐮𝐧𝐝𝐭𝐫𝐚𝐜𝐤,𝐌𝐔𝐍𝐃𝐈 𝐎𝐏𝐔𝐒,1:01:09,https://music.youtube.com/watch?v=wUWdIaaCvjg
melody-for-study,a playlist to romanticize studying physics,nobody,48:42,https://music.youtube.com/watch?v=NSislM08uWM
melody-for-study,Real Or Imagined?,James Horner - Topic,5:46,https://music.youtube.com/watch?v=r-n3F5fwfcw
melody-for-study,Time,Hans Zimmer,4:36,https://music.youtube.com/watch?v=jgyShFzdB_Q
melody-for-study,"Alan (From ""The Imitation Game"" Soundtrack)",Alexandre Desplat - Topic,2:58,https://music.youtube.com/watch?v=xfcYhJb2l3U
melody-for-study,The Imitation Game (Main Theme) | The Imitation Game (Original Motion Picture Soundtrack),SonySoundtracksVEVO,2:41,https://music.youtube.com/watch?v=kr6WTOCbDTw
melody-for-study,Metamorphosis,James Horner - Topic,3:05,https://music.youtube.com/watch?v=rVdgwPnzd9g
melody-for-study,The End,Hans Zimmer,6:14,https://music.youtube.com/watch?v=K9mtiDX_lLc
melody-for-study,"Playing A Game Of ""Go!""",James Horner - Topic,3:34,https://music.youtube.com/watch?v=Yyv3zJ1IGb0
melody-for-study,"Interstellar Main Theme (From ""Interstellar"")",Geek Music,4:04,https://music.youtube.com/watch?v=1ki7oATXdXc
melody-for-study,Classical Music for When You’re on a Deadline,HALIDONMUSIC,1:51:00,https://music.youtube.com/watch?v=dwY7w0k3j2Y
melody-for-study,Classical Music for When You’re on a Deadline,HALIDONMUSIC,2:41:16,https://music.youtube.com/watch?v=4PUHBL1vMNY
melody-for-study,Classical Music for When You're on a Deadline,HALIDONMUSIC,2:06:59,https://music.youtube.com/watch?v=TOXTfogmxU0
melody-for-study,when you have to finish your homework in less than 1 hour (a playlist),nobody,47:09,https://music.youtube.com/watch?v=-XFJoMRMM4k
melody-for-study,when you need to clean your room in less than 1 hour to escape your mother's sandals (playlist),nobody,45:18,https://music.youtube.com/watch?v=jrOYasCzgwk
melody-for-study,when you wake up late and have to get to school in less than 30 minutes (a playlist),nobody,28:58,https://music.youtube.com/watch?v=RnkxLb2KaXA
melody-for-study,Music to Work Like Oppenheimer,Jsco Music,1:04:10,https://music.youtube.com/watch?v=X7q7zwyi3fA
melody-for-study,50 Best of Mozart,HALIDONMUSIC,5:21:29,https://music.youtube.com/watch?v=RAxDy10bvnM
melody-for-study,The Best of Beethoven,HALIDONMUSIC,1:37:38,https://music.youtube.com/watch?v=W-fFHeTX70Q
melody-for-study,Succession Music to Work With Kendall Roy,Jsco Music,1:04:06,https://music.youtube.com/watch?v=vuJt2sGdkdU
melody-for-study,my go-to quiet classical playlist as a computer science major📚quiet classical music for focus,nobody:boy,1:18:43,https://music.youtube.com/watch?v=JgZ6NW0RsqA
melody-for-study,Interstellar: The Ultimate Space Experience | Hans Zimmer,matogolf,24:39,https://music.youtube.com/watch?v=MW8RKweDoaE
melody-for-study,Classical Music to Lock In,HALIDONMUSIC,2:01:41,https://music.youtube.com/watch?v=vmY63tNIrx8
melody-for-study,𝐘𝐨𝐮 𝐚𝐫𝐞 𝐜𝐫𝐞𝐚𝐭𝐢𝐧𝐠 𝐬𝐨𝐦𝐞𝐭𝐡𝐢𝐧𝐠 𝐧𝐨 𝐨𝐧𝐞 𝐜𝐚𝐧 𝐢𝐦𝐚𝐠𝐢𝐧𝐞 | 𝐓𝐡𝐞 𝐈𝐦𝐢𝐭𝐚𝐭𝐢𝐨𝐧 𝐆𝐚𝐦𝐞 𝐒𝐨𝐮𝐧𝐝𝐭𝐫𝐚𝐜𝐤,𝐌𝐔𝐍𝐃𝐈 𝐎𝐏𝐔𝐒,1:01:11,https://music.youtube.com/watch?v=GlmwkPdkaN4
melody-for-study,Oppenheimer: The Atomic Sound Experience | Ultimate Cut,matogolf,28:45,https://music.youtube.com/watch?v=kDinWUQ2NkA
melody-for-study,The Best of Mozart,HALIDONMUSIC,1:56:02,https://music.youtube.com/watch?v=Rb0UmrCXxVA
melody-for-study,Succession Soundtrack Suite (S1-S3) - Andante Galore,Summer Boy,20:48,https://music.youtube.com/watch?v=FKUFxynOK7s
melody-for-study,Succession S2 Official Soundtrack | Maestoso - Nicholas Britell | WaterTower,WaterTower Music,1:30,https://music.youtube.com/watch?v=eFih8_sQk40
melody-for-study,"I. Adagio Sostenuto (Piano Sonata No. 14 in C-Sharp Minor, Op. 27 No. 2 ""Moonlight"" [Remastered])",Luke Woodapple - Topic,4:55,https://music.youtube.com/watch?v=AOVdLeNNtqw
melody-for-study,Can You Hear The Music,Ludwig Goransson,1:51,https://music.youtube.com/watch?v=4JZ-o3iAJv4
melody-for-study,Cornfield Chase,Hans Zimmer,2:07,https://music.youtube.com/watch?v=7GlsxNI4LVI
melody-for-study,Solas,Gibran Alcocer,2:26,https://music.youtube.com/watch?v=5UzKfjTl9ns
melody-for-study,Richter: November,Mari Samuelsen,6:08,https://music.youtube.com/watch?v=HGCxF3CGR6U
melody-for-study,Imperium (Slowed),Caleb Bryant,2:36,https://music.youtube.com/watch?v=uu77lPYMB2U
melody-for-study,Day One,Hans Zimmer,3:20,https://music.youtube.com/watch?v=UgkvcWx8oXw
melody-for-study,Way down We Go,KALEO,3:34,https://music.youtube.com/watch?v=YTCS7IWUJu8
melody-for-study,la lecon particuliere (slowed + reverb),slō - Topic,1:56,https://music.youtube.com/watch?v=vykB7xnwzjM
melody-for-study,Outro,M83,4:08,https://music.youtube.com/watch?v=mpEhKQteA3o
melody-for-study,"Requiem, K. 626: Lacrimosa",Academy of Ancient Music,2:50,https://music.youtube.com/watch?v=2niRNGYxfJ8
melody-for-study,Chalkboard,Jóhann Jóhannsson,1:06,https://music.youtube.com/watch?v=u86HCS4uncQ
melody-for-study,Dream Is Collapsing,Hans Zimmer,2:24,https://music.youtube.com/watch?v=Jx5KJQb0pDo
melody-for-study,Mountains,Hans Zimmer,3:40,https://music.youtube.com/watch?v=arNkB9vxS3Q
melody-for-study,A Dark Knight,Hans Zimmer,16:16,https://music.youtube.com/watch?v=_Cq9OSZcEC4
melody-for-study,Autobots,Steve Jablonsky - Topic,2:34,https://music.youtube.com/watch?v=w581xiVe0Q8
melody-for-study,The All Spark,Steve Jablonsky - Topic,3:35,https://music.youtube.com/watch?v=sDNoRTFNExk
melody-for-study,Bumblebee,Steve Jablonsky - Topic,3:57,https://music.youtube.com/watch?v=RHZVZWB98ys
melody-for-study,Arrival to Earth,Steve Jablonsky - Topic,5:27,https://music.youtube.com/watch?v=3sE1rKAUNtg
melody-for-study,Jacob and the Stone,Emile Mosseri,1:39,https://music.youtube.com/watch?v=PK35ulIX5P4
melody-for-study,I am lost,Z-DEEP,3:24,https://music.youtube.com/watch?v=cmJVue_deGc
melody-for-study,"The Four Seasons - Violin Concerto in G Minor, Op. 8 No. 2, RV 315 ""Summer"": III. Presto",Joshua Bell,2:42,https://music.youtube.com/watch?v=_i7I32w08CE
melody-for-study,"Brahms: 21 Hungarian Dances, WoO 1: Hungarian Dance No. 5 in G Minor. Allegro (Orch. Schmeling)",Herbert von Karajan,2:19,https://music.youtube.com/watch?v=PyCHVikkt-E
melody-for-study,"Cello Suite No. 1 in G Major, BWV 1007: I. Prélude",Yo-Yo Ma,2:32,https://music.youtube.com/watch?v=eKbrty2x8rM
melody-for-study,"Bagatelle No. 25 in A Minor, WoO 59 ""Für Elise""",Igor Levit,3:33,https://music.youtube.com/watch?v=sk87ngjt024
melody-for-study,"The Carnival of the Animals, R. 125: XIII. The Swan (Arr. for Cello and Piano)",Yo-Yo Ma,2:55,https://music.youtube.com/watch?v=NegCKtoRfR8
melody-for-study,"The Four Seasons: Concerto No. 4 in F Minor, RV 297 ""L'inverno"" (winter) : I. Allegro non molto",Adrian Chandler - Topic,3:22,https://music.youtube.com/watch?v=V8bR_YRvlLk
melody-for-study,"Symphony No. 40 In G Minor: I. Allegro, K. 550",The City of Prague Philharmonic Orchestra - Topic,7:07,https://music.youtube.com/watch?v=nOOXmo983Qo
melody-for-study,Interstellar Main Theme (Piano),Soundtrack Orchestra - Topic,4:47,https://music.youtube.com/watch?v=oNMV6TFgG7o
melody-for-study,Shootout,Izzamuzzic,4:56,https://music.youtube.com/watch?v=ENIDzfg1ecI
melody-for-study,First Step,Hans Zimmer,1:48,https://music.youtube.com/watch?v=55TYgbk4kZs
melody-for-study,S.T.A.Y.,Hans Zimmer,6:24,https://music.youtube.com/watch?v=MU3EOO4fWQo
melody-for-study,"Swan Lake, Op. 20, Act 2: No. 10, Scene. Moderato",André Previn - Topic,2:47,https://music.youtube.com/watch?v=LiGjvEq0QHA
melody-for-study,Undying Love (Choir - Extended Mix),Two Steps From Hell,2:53,https://music.youtube.com/watch?v=mQsT0o-9zGw
melody-for-study,"Suite Bergamasque, L. 75: III. Clair de lune",Minoire - Topic,5:06,https://music.youtube.com/watch?v=VpoWxJfGung
melody-for-study,Reflections,Toshifumi Hinata,2:11,https://music.youtube.com/watch?v=GpVEkOUj2ZQ
melody-for-study,Requiem for a Dream,Scott Benson Band,4:58,https://music.youtube.com/watch?v=bNoWHflgLRs
melody-for-study,"Bella's Lullaby (Solo Piano / Theme From ""Twilight"")",Stan Whitmire - Topic,3:51,https://music.youtube.com/watch?v=6c5HF77Xct0
melody-for-study,Young and Beautiful,Antonin Charvat - Topic,4:01,https://music.youtube.com/watch?v=tmAg_RF40vg
melody-for-study,Love Me Like You Do - Symphony Orchestra Cover,Antonin Charvat - Topic,2:54,https://music.youtube.com/watch?v=PaysfdGPc2k
melody-for-study,Schindler's List (Main Theme),Emile Pandolfi,4:21,https://music.youtube.com/watch?v=JwZXhlrrYDI
melody-for-study,"Comptine d'un autre été, l'après-midi",Yann Tiersen,2:21,https://music.youtube.com/watch?v=znfYwABeSZ0
melody-for-study,Für Elise - Reimagined,Alexander Joseph,6:01,https://music.youtube.com/watch?v=fkrE0I6-r0c
melody-for-study,Flower Dance (Piano Version),Riyandi Kusuma,4:29,https://music.youtube.com/watch?v=Z2IUOVSl1rU
melody-for-study,The Approaching Night,Philip Wesley - Topic,6:40,https://music.youtube.com/watch?v=kcq8e-L4NJo
melody-for-study,Dark Night of the Soul,Philip Wesley - Topic,7:11,https://music.youtube.com/watch?v=k41YmjTLr14
melody-for-study,Sun (Instrumental),Sleeping At Last,4:38,https://music.youtube.com/watch?v=oejLt58oJnA
melody-for-study,Mia & Sebastian’s Theme,Justin Hurwitz - Topic,1:39,https://music.youtube.com/watch?v=D3ovuBdbUqk
melody-for-study,Her Joy Was Complete,Sleeping At Last,3:02,https://music.youtube.com/watch?v=t1LwLTBhueg
melody-for-study,"September 15, 2017: Cassini - The Grand Finale",Sleeping At Last,3:32,https://music.youtube.com/watch?v=qZpLiTqIh_8
melody-for-study,Richter: On the Nature of Daylight,Max Richter,6:12,https://music.youtube.com/watch?v=tUMc_-Bcunk
melody-for-study,I Love You,RIOPY,4:24,https://music.youtube.com/watch?v=GVxKHuaeegE
melody-for-study,Corazón de Niño,Jacob's Piano,3:48,https://music.youtube.com/watch?v=BrQpKE_KZko
melody-for-study,Ballade pour Adeline (Piano et orchestre),Richard Clayderman Official,2:38,https://music.youtube.com/watch?v=_8nSH4Af6Y8
melody-for-study,Mariage d'Amour,Jacob's Piano,4:30,https://music.youtube.com/watch?v=lPYHTBm0nlg
melody-for-study,For the Love of a Princess / Hymn to the Sea / Wallace Courts Murron (Music from the Original...,Jacob's Piano,6:28,https://music.youtube.com/watch?v=VqtoVZzLKsI
melody-for-study,Fission,Ludwig Goransson,4:39,https://music.youtube.com/watch?v=vx7S3v7u7jY
melody-for-study,A Lowly Shoe Salesman,Ludwig Goransson,3:35,https://music.youtube.com/watch?v=X-jOQkXJuIw
melody-for-study,Quantum Mechanics,Ludwig Goransson,3:01,https://music.youtube.com/watch?v=8TLR-TTXDY8
melody-for-study,Gravity Swallows Light,Ludwig Goransson,3:31,https://music.youtube.com/watch?v=oGyQwSwMI94
melody-for-study,Meeting Kitty,Ludwig Goransson,5:48,https://music.youtube.com/watch?v=Z93gSAyWjtQ
melody-for-study,Groves,Ludwig Goransson,3:04,https://music.youtube.com/watch?v=YqfbDisiAQo
melody-for-study,Manhattan Project,Ludwig Goransson,3:02,https://music.youtube.com/watch?v=Ee-bpPsUeto
melody-for-study,Atmospheric Ignition,Ludwig Goransson,3:29,https://music.youtube.com/watch?v=pCEVj0nV7M8
melody-for-study,Los Alamos,Ludwig Goransson,2:39,https://music.youtube.com/watch?v=nNiHetq8-bg
melody-for-study,Fusion,Ludwig Goransson,3:56,https://music.youtube.com/watch?v=-U4VnWX1ZD4
melody-for-study,Colonel Pash,Ludwig Goransson,4:58,https://music.youtube.com/watch?v=uADCo0308Kk
melody-for-study,Theorists,Ludwig Goransson,3:15,https://music.youtube.com/watch?v=xBkXDczuu3U
melody-for-study,Ground Zero,Ludwig Goransson,4:22,https://music.youtube.com/watch?v=oOhpTxcUxy0
melody-for-study,Trinity,Ludwig Goransson,7:53,https://music.youtube.com/watch?v=b0d8sSmZqzs
melody-for-study,What We Have Done,Ludwig Goransson,5:46,https://music.youtube.com/watch?v=aedBzDZuTVA
melody-for-study,Power Stays In The Shadows,Ludwig Goransson,4:11,https://music.youtube.com/watch?v=VBCr6UVacz8
melody-for-study,The Trial,Ludwig Goransson,5:33,https://music.youtube.com/watch?v=RocrMotFT4c
melody-for-study,Dr. Hill,Ludwig Goransson,4:24,https://music.youtube.com/watch?v=LtmFUgI6zEE
melody-for-study,Kitty Comes To Testify,Ludwig Goransson,4:53,https://music.youtube.com/watch?v=FGCdurLEgsk
melody-for-study,Something More Important,Ludwig Goransson,3:26,https://music.youtube.com/watch?v=OqY3kbQEMZI
melody-for-study,Destroyer Of Worlds,Ludwig Goransson,2:55,https://music.youtube.com/watch?v=Pswx6OQp1Ks
melody-for-study,Oppenheimer,Ludwig Goransson,2:17,https://music.youtube.com/watch?v=j11Nm4i4XbI
melody-for-study,Leaving Safe Places,Random Forest - Topic,4:06,https://music.youtube.com/watch?v=WzBrV-2ZxDM
melody-for-study,And We Walk After,Trevor Kowalski - Topic,2:49,https://music.youtube.com/watch?v=bf7veHZNNjA
melody-for-study,Armstrong Cabin,Justin Hurwitz - Topic,1:16,https://music.youtube.com/watch?v=9W4xr49-I0I
melody-for-study,Dumbledore's Farewell,Nicholas Hooper - Topic,2:23,https://music.youtube.com/watch?v=8IU4vVmXZI4
melody-for-study,gymnopédie no. 1 (reverb + rain),Sjors Weijermars,3:43,https://music.youtube.com/watch?v=YfQtExhaQx4
melody-for-study,clair de lune pt. 1 (slowed + reverb),your movie soundtrack,2:36,https://music.youtube.com/watch?v=D7Bx9tpQzaU
melody-for-study,New Home,Austin Farwell,2:07,https://music.youtube.com/watch?v=lanJG4x11cs
melody-for-study,The French Library,Franz Gordon - Topic,3:00,https://music.youtube.com/watch?v=e-3z40QzJT0
melody-for-study,Einaudi: Experience,Ludovico Einaudi,5:16,https://music.youtube.com/watch?v=DHjXaASKzqM
melody-for-study,Einaudi: Nuvole Bianche,Ludovico Einaudi,5:58,https://music.youtube.com/watch?v=PhXEL2FRSag
melody-for-study,Einaudi: Una Mattina,Ludovico Einaudi,3:24,https://music.youtube.com/watch?v=94-PAIMDhaQ
melody-for-study,Natural Light,Ludovico Einaudi,5:36,https://music.youtube.com/watch?v=5eKhwi5uNeM
melody-for-study,Merry-Go-Round of Life (from 'Howl's Moving Castle'),Joe Hisaishi Official,5:12,https://music.youtube.com/watch?v=xxsvTvDQKMY
melody-for-study,With Love Comes Loss (Arr. for Piano Solo),Batu Sener,1:11,https://music.youtube.com/watch?v=5ugRqQhbnK0
melody-for-study,"1917 (From ""1917"" Soundtrack)",Thomas Newman - Topic,1:18,https://music.youtube.com/watch?v=rmIPZCZc19Q
melody-for-study,The Armstrongs,Justin Hurwitz - Topic,2:26,https://music.youtube.com/watch?v=lkvKHGwzi8I
melody-for-study,Dance For Me Wallis,Abel Korzeniowski - Topic,3:09,https://music.youtube.com/watch?v=wBZ3aLHZGXU
melody-for-study,Adagio in C Minor,Nicholas Britell,1:31,https://music.youtube.com/watch?v=2lV6swEfXzg
melody-for-study,Organ Variation,Hans Zimmer,4:52,https://music.youtube.com/watch?v=H1PZGDh_2Pk
melody-for-study,Domestic Pressures,Jóhann Jóhannsson,2:38,https://music.youtube.com/watch?v=HFskQSdoT5k
melody-for-study,American Prometheus,Ludwig Goransson,2:38,https://music.youtube.com/watch?v=UysO8R1vqA8
melody-for-study,The Theory of Everything,Jóhann Jóhannsson,1:09,https://music.youtube.com/watch?v=ZbJZ5kU4w5c
melody-for-study,"No Sacrifice, No Victory",Steve Jablonsky - Topic,2:58,https://music.youtube.com/watch?v=cbxNyoYyGLE
melody-for-study,"Piano Solo + Elegy for Orchestra - ""Logan's Return""",Nicholas Britell,2:46,https://music.youtube.com/watch?v=1_-kwDtCaYc
melody-for-study,New Home (Slowed),Austin Farwell,2:55,https://music.youtube.com/watch?v=17PqoC-ImfM
melody-for-study,"Mia & Sebastian's Theme (From ""La La Land"") (Piano Version)",Kim Bo - Topic,1:28,https://music.youtube.com/watch?v=l-aMNL1t-yo
melody-for-study,Jacob and the Stone (Slowed),Emile Mosseri,2:20,https://music.youtube.com/watch?v=YDPpazecVyU
melody-for-study,Present,Lloyd Vaan,2:26,https://music.youtube.com/watch?v=rvjFKme0tt4
melody-for-study,Congratulations (Piano Version),Kim Bo - Topic,2:59,https://music.youtube.com/watch?v=ySi5ZZgmoaA
melody-for-study,golden hour (Piano Instrumental),Chilled Pig,1:51,https://music.youtube.com/watch?v=ZkUQcn1DU5I
melody-for-study,For Heaven's Sake,Joel Frahm & Pat Coil - Topic,5:43,https://music.youtube.com/watch?v=Aa55ZGGFBqI
melody-for-study,Blossomfall,Nicholas Jimenez - Topic,3:19,https://music.youtube.com/watch?v=c1gqZJK-qJE
melody-for-study,My Buddy,Phil Casagrande,1:26,https://music.youtube.com/watch?v=hiEt3lHpD7c
melody-for-study,Red,Dustin O'Halloran,2:59,https://music.youtube.com/watch?v=3QDAeRo8Wrw
melody-for-study,Just Give Me One More Day,Alej,2:12,https://music.youtube.com/watch?v=VI8zhRZn89k
melody-for-study,2 Arabesques: Arabesque No. 1,Francois-joel Thiollier - Topic,5:07,https://music.youtube.com/watch?v=KSRagDtScBY
melody-for-study,Escape,Kilgore Doubtfire - Topic,4:41,https://music.youtube.com/watch?v=JiK2Gf9pMGo
melody-for-study,"Great Fairy Fountain (From ""Ocarina of Time"")",Lucas Cooper,1:15,https://music.youtube.com/watch?v=iRjgG8vxepQ
melody-for-study,Mt. Wilson Observatory,Elijah Fox - Topic,0:52,https://music.youtube.com/watch?v=FzVqyLzOl3U
melody-for-study,I Got It Bad And That Ain't Good,Oscar Peterson (The Estate of Oscar Peterson),5:07,https://music.youtube.com/watch?v=wVMjqJgfObY
melody-for-study,Lights Are On (Instrumental),Edith Whiskers,3:13,https://music.youtube.com/watch?v=SnOMHRZdhLU
melody-for-study,L'amore dice Ciao (Slow Take) (Remastered),Armando Trovajoli,4:19,https://music.youtube.com/watch?v=5_nBi8NZwFQ
melody-for-study,Once Upon a Dream,Invadable Harmony,1:01,https://music.youtube.com/watch?v=cLPhpWys5Dk
melody-for-study,Gymnopédie No. 1,Philippe Entremont Official,3:26,https://music.youtube.com/watch?v=IR_uKPlTPuU
melody-for-study,Amore mio aiutami (Main Theme),Piero Piccioni,3:55,https://music.youtube.com/watch?v=hG4fpefx1a0
melody-for-study,Easy Lovers,Piero Piccioni,3:46,https://music.youtube.com/watch?v=EZxk94ch2Yk
melody-for-study,"Mary's Theme (From The ""Femina Ridens"" Soundtrack)",Stelvio Cipriani - Topic,2:11,https://music.youtube.com/watch?v=RwxsWtSXCfo
melody-for-study,Ladyfingers,Herb Alpert,2:45,https://music.youtube.com/watch?v=l6U1JB7z-I8
melody-for-study,Lujon,Henry Mancini,2:39,https://music.youtube.com/watch?v=E3F4qkfQeFY
melody-for-study,The Lamp Is Low,Laurindo Almeida - Topic,2:51,https://music.youtube.com/watch?v=hKjoLnjjp5E
melody-for-study,Stuff We Did,Michael Giacchino,2:14,https://music.youtube.com/watch?v=16N4OjhjZAE
melody-for-study,Mistress Arrives,Michel Colombier - Topic,1:05,https://music.youtube.com/watch?v=bwE15uHPUAA
melody-for-study,Parfum d'étoiles,ICHIKO AOBA,2:53,https://music.youtube.com/watch?v=G3_WW8XRqes
melody-for-study,Lady Love,Piero Piccioni,1:58,https://music.youtube.com/watch?v=FbOFtHb_06c
melody-for-study,Ylang Ylang (Piano Version),goated. - Topic,1:04,https://music.youtube.com/watch?v=2YDDAVLj3_M
melody-for-study,Bleached,Video Days - Topic,1:24,https://music.youtube.com/watch?v=0pHR4_cyIuA
melody-for-study,Forbin's Hi-Fi,Michel Colombier - Topic,1:20,https://music.youtube.com/watch?v=YtZd3-vTREQ
melody-for-study,Ode to Vivian,Patrick Watson,1:30,https://music.youtube.com/watch?v=fwhZulHsDYo
melody-for-study,Mexican Dream,Piero Piccioni,2:02,https://music.youtube.com/watch?v=5xlLt4k1lXA
melody-for-study,The Bug Collector,BEN SCOTT,2:10,https://music.youtube.com/watch?v=nX4374h6bc0
melody-for-study,Hinoki Wood,Gia Margaret,1:35,https://music.youtube.com/watch?v=hejQ4D6lg8M
melody-for-study,Silence,TWO LANES,1:27,https://music.youtube.com/watch?v=Ohu9kqEcErc
melody-for-study,You,Vietra,1:07,https://music.youtube.com/watch?v=7as_BTOh-Lg
melody-for-study,Fallen Down (Reprise),emptiness - Topic,2:31,https://music.youtube.com/watch?v=cyw9V1nLi34
melody-for-study,telephones (instrumental slowed & reverb with rain),softsync,4:23,https://music.youtube.com/watch?v=Dvv3oRC3TM4
melody-for-study,rises the moon (piano Version),goated. - Topic,2:20,https://music.youtube.com/watch?v=kkk7Nx7zV-Q
melody-for-study,There Will Be Rain,Million Eyes - Topic,2:03,https://music.youtube.com/watch?v=OVxKvxUwcVY
melody-for-study,Rumination,Penguin Piano,1:30,https://music.youtube.com/watch?v=pCr6g8-j_vA
melody-for-study,Song on the Beach/Photograph,Delialah El-Atwi - Topic,3:23,https://music.youtube.com/watch?v=tOrd8X9Wb04
melody-for-study,Prelude 1 (Recomposed),Sebastian Thomas,1:26,https://music.youtube.com/watch?v=Bc7281ZzTYE
melody-for-study,Ano Natsu E,Sumi Shimamoto - Topic,1:50,https://music.youtube.com/watch?v=Y7cZXBOuk8c
melody-for-study,Fine line (Instrumental),Kapa Boy,1:54,https://music.youtube.com/watch?v=kkvJhbmqMmg
melody-for-study,you left me on suicide sunday,thenian - Topic,2:36,https://music.youtube.com/watch?v=LXXjRwRgMHI
melody-for-study,The Sound of Myself,Disasterpeace,1:18,https://music.youtube.com/watch?v=_ANWTKznExU
melody-for-study,Rockaway in the Rain,Elijah Fox - Topic,1:14,https://music.youtube.com/watch?v=Yd2DHc-RZ8A
melody-for-study,"Photograph (From ""Her"")",Stacey Bassetti ,2:46,https://music.youtube.com/watch?v=NclEVhPk9kQ
melody-for-study,September (Instrumental),Sparky Deathcap,3:10,https://music.youtube.com/watch?v=javmob5orq4
melody-for-study,Whispered reverie,BAANDIT!,1:52,https://music.youtube.com/watch?v=QsXti5Lq4v8
melody-for-study,blurred moon,daniel.mp3,1:23,https://music.youtube.com/watch?v=QIfu43ioW6w
melody-for-study,Le Carrousel,James Quinn,1:57,https://music.youtube.com/watch?v=KjmVMe3TFKQ
melody-for-study,Wet Hands,Damien Gauci,1:38,https://music.youtube.com/watch?v=C0cVUtRe91E
melody-for-study,American strings,Piero Piccioni,3:14,https://music.youtube.com/watch?v=2mt5CZ5U-Us
melody-for-study,My Reverie,Laurindo Almeida - Topic,2:28,https://music.youtube.com/watch?v=KCZo0vwOBUw
melody-for-study,Once Upon a Time,Austin Farwell,1:33,https://music.youtube.com/watch?v=BNZrMuxjLOA
melody-for-study,Ballerina,Yehezkel Raz,1:12,https://music.youtube.com/watch?v=bDj3_B51f-U
melody-for-study,Blue Jeans,Alberto Baldan Bembo - Topic,2:45,https://music.youtube.com/watch?v=-b3psw7tr3I
melody-for-study,Linda (Remastered),Alberto Cortez - Topic,2:08,https://music.youtube.com/watch?v=fZfEuLoo9IU
melody-for-study,Lily's Dance,Million Eyes - Topic,2:10,https://music.youtube.com/watch?v=5dxUX-dxgyU
melody-for-study,Mending,时空储蓄罐,1:47,https://music.youtube.com/watch?v=36Kj9sBrSkQ
melody-for-study,Ornella (Original Version),Luigia Bardino - Topic,1:20,https://music.youtube.com/watch?v=E5NQVdUs4lQ
melody-for-study,Des Vagues Sur l'Eau,Million Eyes - Topic,2:18,https://music.youtube.com/watch?v=YITkiApCNZ8
melody-for-study,Uccidere in silenzio 3,Nora Orlandi - Topic,1:32,https://music.youtube.com/watch?v=u4Vo0_ymYE4
melody-for-study,Lullaby No. 3 in E Minor,Ran Raiten,1:47,https://music.youtube.com/watch?v=eyBBlrgIC-4
melody-for-study,"Aspetto ancora un giorno (Colonna sonora del film ""Scacco alla regina"")",Piero Piccioni,2:28,https://music.youtube.com/watch?v=8G3YuAWfSZc
melody-for-study,A Bed of Flowers,Million Eyes - Topic,2:18,https://music.youtube.com/watch?v=-kyBRMmUOGU
melody-for-study,Dreaming of the Stars,Alej,2:43,https://music.youtube.com/watch?v=O33523sTrtw
melody-for-study,Chilldish,时空储蓄罐,2:14,https://music.youtube.com/watch?v=pUnCAHD639I
melody-for-study,Sylvan Echoes,Jacob LaVallee,3:32,https://music.youtube.com/watch?v=HeQE-OgzgRI
melody-for-study,Iris' Secret,LOOPGARDEN,2:33,https://music.youtube.com/watch?v=uzVlyo6Famw
melody-for-study,Greenpoint,Elijah Fox - Topic,2:07,https://music.youtube.com/watch?v=GMTBzJ7Ap1E
melody-for-study,Silhouettes,LOOPGARDEN,2:03,https://music.youtube.com/watch?v=-s6irPmJl3U
melody-for-study,Near My Heart,Koshun Nakao,2:12,https://music.youtube.com/watch?v=xv2BMYCA5bE
melody-for-study,Song of the Fireflies,pedram,3:34,https://music.youtube.com/watch?v=Ms8I_Vfvkow
melody-for-study,last breath,Øneheart,1:42,https://music.youtube.com/watch?v=dbKEfjgqMK8
melody-for-study,A child's dream,Virginio Aiello,2:53,https://music.youtube.com/watch?v=H1mXXel-EDc
melody-for-study,The Awakening,OHNomad,4:23,https://music.youtube.com/watch?v=N47dQOvcQTI
melody-for-study,Winter Snow (2022 Version),Virginio Aiello,2:41,https://music.youtube.com/watch?v=KvaOMv0Sqss
melody-for-study,My Conception,Geoffrey Dean - Topic,5:09,https://music.youtube.com/watch?v=ddx9gd8Ndjg
melody-for-study,After Hours,James Butler - Topic,2:47,https://music.youtube.com/watch?v=uJROA6egSpQ
melody-for-study,Innatism,Andy Stavas - Topic,3:17,https://music.youtube.com/watch?v=iD71fZcLI0c
melody-for-study,Sparks (Instrumental),Evan Jacobson - Topic,2:27,https://music.youtube.com/watch?v=ve5au_E5qVI
melody-for-study,Wish (Inst.),최유리 Choi Yu Ree,3:58,https://music.youtube.com/watch?v=0vkFQRhLQ0A
melody-for-study,Killswitch Lullaby,Flawed Mangoes,2:28,https://music.youtube.com/watch?v=7BDAcLxO_CU
melody-for-study,Swimming,Flawed Mangoes,3:09,https://music.youtube.com/watch?v=R-TnHRnrVZM
melody-for-study,Pluto Projector,REMY,1:12,https://music.youtube.com/watch?v=GXK46mkwiKg
melody-for-study,American Beauty,Thomas Newman - Topic,3:07,https://music.youtube.com/watch?v=ucdz7A3s4Wc
melody-for-study,Little Things (Piano Version),Pianaura,2:16,https://music.youtube.com/watch?v=cQULXwQFRBw
melody-for-study,Night Fantasia (Nocturne No. 1 in D minor),JOSH ANDRES - Topic,3:09,https://music.youtube.com/watch?v=Rto2E7j0wYI
melody-for-study,徐福,Yoshiki Tagashira,2:54,https://music.youtube.com/watch?v=XYsGs0Cp4LU
melody-for-study,Turn,Andy Stavas - Topic,3:12,https://music.youtube.com/watch?v=iY2NEbk_LZA
melody-for-study,Morning Mist,Yoshiki Tagashira,3:24,https://music.youtube.com/watch?v=9TMeo2v3oSs
melody-for-study,Morning Frost,JOSH ANDRES - Topic,2:04,https://music.youtube.com/watch?v=EqTV3blEj1s
melody-for-study,祈森 (Preview),Yoshiki Tagashira,1:00,https://music.youtube.com/watch?v=a0NXzYX8e7g
melody-for-study,The Cosmic River,Nico Cartosio,3:59,https://music.youtube.com/watch?v=UIlmzjtI9fA
melody-for-study,Pluto,Andy Stavas - Topic,3:07,https://music.youtube.com/watch?v=gBL7cO-z9bk
melody-for-study,Skyey,Zsolt Kaltenecker - Topic,3:22,https://music.youtube.com/watch?v=T4htaBzXeLg
melody-for-study,Je te laisserai des mots (Piano Cover),IRSNa - Topic,2:32,https://music.youtube.com/watch?v=g-Zp8y3_mk8
melody-for-study,The Waltz I Promised To You,Joshua Hedley,2:55,https://music.youtube.com/watch?v=HVL6ghqkAFE
melody-for-study,Tree of Life,Zsolt Kaltenecker - Topic,2:43,https://music.youtube.com/watch?v=sN6tpdi9OkQ
melody-for-study,About Us,James Butler - Topic,2:49,https://music.youtube.com/watch?v=MkkV4vx2yn8
melody-for-study,Maureen,Andy Stavas - Topic,2:52,https://music.youtube.com/watch?v=A0QkwXjMku4
melody-for-study,"Dear, Dolores (Rework)",Illuminine,4:22,https://music.youtube.com/watch?v=9rof7hoZxqE
melody-for-study,retire (final),Alvedon - Topic,3:35,https://music.youtube.com/watch?v=guQ_Sy7uAEI
melody-for-study,Intervallo II,Musica e Oltre Srl,3:58,https://music.youtube.com/watch?v=dKBmBQ-KOJI
melody-for-study,"Title Theme (From ""Ocarina of Time"")",Lucas Cooper,2:40,https://music.youtube.com/watch?v=K7kz14epFOc
melody-for-study,"Piano Concerto No. 21 in C Major, K. 467: II. Andante",London Mozart Players - Topic,7:14,https://music.youtube.com/watch?v=sgqtFZ9S5sA
melody-for-study,"Clarinet Concerto in A Major, K. 622: II. Adagio",David Shifrin - Topic,7:58,https://music.youtube.com/watch?v=Eny1cQstkWo
melody-for-study,"Clarinet Concerto in A Major, K. 622: II. Adagio",Martin Fröst Official,6:41,https://music.youtube.com/watch?v=q-Vh0WfgHHw
melody-for-study,"II. Adagio cantabile from Piano Sonata No. 8 in C minor, Op. 13  ""Pathetique"" (Instrumental)",Murray Perahia - Topic,5:22,https://music.youtube.com/watch?v=mWgOJevGQ3g
melody-for-study,"Rusalka, Op. 114: Song to the Moon (Arranged for Violin & Orchestra by Joshua Bell)",Joshua Bell,5:26,https://music.youtube.com/watch?v=ODySOYmO_D8
melody-for-study,"Beethoven: Piano Concerto No. 5 in E-Flat Major, Op. 73 ""Emperor"": II. Adagio un poco moto (Live)",Krystian Zimerman - Topic,9:08,https://music.youtube.com/watch?v=pnyG4oOJ4mU
melody-for-study,"Beethoven: Piano Sonata No. 17 in D Minor, Op. 31 No. 2 ""Tempest"": III. Allegretto (Live at...",András Schiff - Topic,7:38,https://music.youtube.com/watch?v=gyaf4AnxYaU
melody-for-study,"J.S. Bach: The Well-Tempered Clavier I, Prelude & Fugue No. 1 in C Major, BWV 846: I. Prelude",Lang Lang,2:20,https://music.youtube.com/watch?v=ChdQ3xmTh8s
melody-for-study,Air on a G String,HAUSER,4:50,https://music.youtube.com/watch?v=CoXajguwmk0
melody-for-study,"J. Strauss II: An der schönen blauen Donau, Waltz, Op. 314",Berliner Philharmoniker,11:48,https://music.youtube.com/watch?v=U2FZCz-PQfE
melody-for-study,"J.S. Bach: Orchestral Suite No. 3 in D Major, BWV 1068: Air ""on the G String""",Orpheus Chamber Orchestra - Topic,4:41,https://music.youtube.com/watch?v=-LbzSMgI00o
melody-for-study,"Orchestral Suite No. 3 in D Major, BWV 1068: II. Air ""On a G String"" (Arr. for Piano)",Lang Lang,5:28,https://music.youtube.com/watch?v=_fvHYbYDrpU
melody-for-study,Violin Concerto BWV 1042 in E Major: I. Allegro,Freiburger Barockorchester - Topic,7:34,https://music.youtube.com/watch?v=Jw0GVKftq9M
melody-for-study,"Concerto for 2 Cellos in G Minor, RV 531: I. Allegro",Julian Lloyd Webber - Topic,3:31,https://music.youtube.com/watch?v=JezQl06zjww
melody-for-study,"Serenade In G Major: Eine Kleine Nachtmusik, K. 525: I. Allegro",The English Concert - Topic,7:47,https://music.youtube.com/watch?v=Or8aMOfXOxE
melody-for-study,"The Four Seasons, Violin Concerto No. 2 in G Minor, RV 315 ""Summer"": III. Tempo impetuoso d'estate",Fabio Biondi - Topic,2:31,https://music.youtube.com/watch?v=0V0sUTZ-Hiw
melody-for-study,"Symphony No. 5 in C Minor, Op. 67: I. Allegro con brio",Kurt Sanderling - Topic,6:36,https://music.youtube.com/watch?v=OpQJM6KQpv4
melody-for-study,"Beethoven: Symphony No. 9 in D Minor, Op. 125 ""Choral"": II. Molto vivace",Gewandhausorchester - Topic,14:17,https://music.youtube.com/watch?v=r65aw601VJY
melody-for-study,"Concerto for Violin in B Minor, RV 390: II. Allegro non molto",Gli Incogniti - Topic,5:12,https://music.youtube.com/watch?v=LRV-DsznuAI
melody-for-study,"Piano Sonata No. 8 in C Minor, Op. 13 'Pathétique': II. Adagio cantabile",Stephen Kovacevich - Topic,5:34,https://music.youtube.com/watch?v=keoX0p2dBX4
melody-for-study,"Piano Concerto No. 22 in E-Flat Major, K. 482: III. Allegro",London Mozart Players - Topic,11:16,https://music.youtube.com/watch?v=T06-0C-qIqo
melody-for-study,"Nocturnes, Op. 9: No. 2 in E-Flat Major. Andante",Brigitte Engerer - Topic,4:35,https://music.youtube.com/watch?v=q_Rl5A3R4Jc
melody-for-study,"Frédéric Chopin: Nocturne in E-Flat Major, Op. 9, No. 2",Vadim Chaimovich,4:31,https://music.youtube.com/watch?v=Jz1gvBluvc8
melody-for-study,"Clarinet Concerto in A Major, K. 622: II. Adagio",Claudio Abbado - Topic,6:35,https://music.youtube.com/watch?v=cr6NqKn29mY
melody-for-study,"Ravel: Boléro, M. 81",Orchestre symphonique de Montréal - Topic,15:04,https://music.youtube.com/watch?v=sK9OgZCc7z8
melody-for-study,"Syrinx, L. 129",Jadwiga Kotnowska - Topic,2:29,https://music.youtube.com/watch?v=CgJynmbOQQ4
melody-for-study,"Flute Concerto No. 1 in G Major, K. 313: I. Allegro maestoso",Arife Gülsen Tatu - Topic,10:30,https://music.youtube.com/watch?v=gb5DoL4MUvE
melody-for-study,"Concerto in G Major for Flute and Orchestra No. 1, K. 313/285c: II. Adagio ma non troppo",Arife Gülsen Tatu - Topic,9:59,https://music.youtube.com/watch?v=GE5T8s6Falk
melody-for-study,"Concerto in D Major for Flute and Orchestra, No. 2, K. 314: III. Rondo. Allegretto",Arife Gülsen Tatu - Topic,5:40,https://music.youtube.com/watch?v=GteCK7MuN5A
melody-for-study,"Quartet for Flute and Strings in D Major, K. 285: I. Allegro",Alexander Sukhotsky - Topic,6:56,https://music.youtube.com/watch?v=xoY0F3ncdWU
melody-for-study,"Piano Concerto No. 27 in B-Flat Major, K. 595: II. Larghetto",West Bohemian National Orchestra - Topic,8:36,https://music.youtube.com/watch?v=JKVaVNjDg8Q
melody-for-study,"String Quartet No. 19 in C Major, K. 465 ""Dissonant"": IV. Allegro molto",Mozarteum Quartet Salzburg - Topic,5:58,https://music.youtube.com/watch?v=XkCwx583pDc
melody-for-study,"Flute Quartet No. 3 in C Major, K. 285b: Theme and Variations",Camerata Salzburg - Topic,12:45,https://music.youtube.com/watch?v=zWcuUqT5Luk
melody-for-study,"Symphony No. 6 in F Major, K. 43: II. Andante",Mainzer Kammerorchester - Topic,4:25,https://music.youtube.com/watch?v=Y712vHcU5SQ
melody-for-study,"Rondo No. 2 in C Major for Violin and Orchestra, K. 373: Allegretto grazioso",Jörg Faerber - Topic,5:49,https://music.youtube.com/watch?v=i0EafTrNERw
melody-for-study,"Ave verum corpus, K. 618",Release - Topic,2:48,https://music.youtube.com/watch?v=64Exwnv29XM
melody-for-study,"Apollo et Hyacinthus, K. 38: Overture",Württemberg Chamber Orchestra Heilbronn,2:52,https://music.youtube.com/watch?v=P7m2ceqTsGY
melody-for-study,"Divertimento for Two Violins, Violas, Bass & Two Horns in F Major, K. 247: IV. Adagio",Saint Petersburg Orchestra Classic Music Studio - Topic,11:40,https://music.youtube.com/watch?v=07ceXR-dDgs
melody-for-study,"Concerto for Flute, Harp & Orchestra in C Major, K. 299: I. Allegro",Württemberg Chamber Orchestra Heilbronn,10:18,https://music.youtube.com/watch?v=xi4DKSgLGcs
melody-for-study,"Concerto in A Major for Clarinet and Orchestra, K. 622: III. Rondo: Allegro",Württemberg Chamber Orchestra Heilbronn - Topic,9:03,https://music.youtube.com/watch?v=_PuIsMEY90U
melody-for-study,"Debussy: Préludes, Book 1, CD 125: VIII. La fille aux cheveux de lin",Pierre-Laurent Aimard - Topic,2:22,https://music.youtube.com/watch?v=McVCYm56s5o
melody-for-study,"Liszt: Consolations, S. 172: No. 3 in D-Flat Major. Lento, placido",Jorge Bolet - Topic,3:52,https://music.youtube.com/watch?v=4qX29Zzu6jM
melody-for-study,"Liszt: Liebestraum No. 3 in A-Flat Major, S. 541/3",Jorge Bolet - Topic,4:53,https://music.youtube.com/watch?v=2_pH44IrI_c
melody-for-study,"Chopin: 24 Preludes, Op. 28: No. 5 in D Major. Molto allegro",Vladimir Ashkenazy - Topic,5:21,https://music.youtube.com/watch?v=kJ94fMDr5Gc
melody-for-study,"Piano Concerto in A Minor, Op. 16: II. Adagio",Javier Perianes - Topic,6:48,https://music.youtube.com/watch?v=FS1wgeYbSnw
melody-for-study,In the Steppes of Central Asia,Ukraine National Radio Symphony Orchestra - Topic,7:29,https://music.youtube.com/watch?v=79qYgFmLL0E
melody-for-study,"Scheherezade, Op. 35: III. The Young Prince and the Young Princess",Pelin Halkacı Alkın - Topic,11:00,https://music.youtube.com/watch?v=d2198mn4EFI
melody-for-study,"Mozart: Clarinet Concerto In A major, K622 (Adagio)",John Barry - Topic,7:43,https://music.youtube.com/watch?v=y0C7ZoSCaiY
melody-for-study,Mozart: Mozart: Concerto For Clarinet And Orchestra In A (K. 622),Jack Brymer - Topic,2:50,https://music.youtube.com/watch?v=zOLMDuUY6dY
melody-for-study,"Thaïs, Act 2: Méditation (Perf. by Violin and Piano)",Min Kym - Topic,5:13,https://music.youtube.com/watch?v=4rLb_7TQjT4
melody-for-study,"Beethoven: Piano Concerto No. 5 in E-Flat Major, Op. 73 ""Emperor"": II. Adagio un poco moto –",Alfred Brendel - Topic,8:20,https://music.youtube.com/watch?v=duQYvFW6cyE
melody-for-study,"Rachmaninoff: Piano Concerto No. 2 in C Minor, Op. 18: 2. Adagio sostenuto",Valentina Lisitsa QOR Records Official channel,10:45,https://music.youtube.com/watch?v=SHN3Yexwu8A
melody-for-study,Le Cygne,Stéphane Tétreault,3:35,https://music.youtube.com/watch?v=s-P_O4Zrslw
melody-for-study,"Saint-Saëns: Le carnaval des animaux, R. 125: XIII. Le cygne",Christopher van Kampen - Topic,2:46,https://music.youtube.com/watch?v=ONF_Bw9Ycp4
melody-for-study,Roses Montage,Elmer Bernstein - Topic,1:17,https://music.youtube.com/watch?v=34W5vamj-Rk
melody-for-study,"Deux Arabesques, L66: No. 1: Andantino con moto",Kathryn Stott - Topic,4:33,https://music.youtube.com/watch?v=OhrO47aGA6E
melody-for-study,"Chopin: Fantasy on Polish Airs, Op. 13: Largo non troppo",Jan Lisiecki,4:56,https://music.youtube.com/watch?v=0ucG5BhFJ5o
melody-for-study,"4 Impromptus, Op. 90, D. 899: No. 3 in G-flat major",Khatia Buniatishvili official,6:18,https://music.youtube.com/watch?v=ppc_X8qvhUI
melody-for-study,"Prelude a l'apres-midi d'un faune, L. 86",Valery Gergiev - Topic,11:46,https://music.youtube.com/watch?v=vGo0fbemKVw
melody-for-study,Daphnis et Chloe: Part III: Lever du jour,Bordeaux Opera Chorus - Topic,5:30,https://music.youtube.com/watch?v=sSvqSkjwprA
melody-for-study,"Ständchen, S. 560 (Trans. from Schwanengesang No. 4, D. 957)",Khatia Buniatishvili official,7:23,https://music.youtube.com/watch?v=pJf-XXTBEqs
melody-for-study,Symphony No. 2: III. Adagio,Valery Gergiev - Topic,14:22,https://music.youtube.com/watch?v=L74ckmqmo4I
melody-for-study,"None but the lonely heart, Op. 6,  No. 6",Isaac Stern - Topic,3:20,https://music.youtube.com/watch?v=u0NnYRQ4tTE
melody-for-study,Spartacus (Highlights from the Ballet) : Adagio of Spartacus and Phrygia,London Symphony Orchestra,9:55,https://music.youtube.com/watch?v=fXwS9e9DFpo
melody-for-study,"Symphony No. 9 in E Minor, Op. 95 ""From the New World"": II. Largo (Live)",London Symphony Orchestra,12:56,https://music.youtube.com/watch?v=p_rejkyRJ6g
melody-for-study,"Fauré: Pelléas et Mélisande, Op. 80, Suite: III. Sicilienne",Academy of St Martin in the Fields,3:55,https://music.youtube.com/watch?v=RDklWGcFxM8
melody-for-study,Je te laisserai des mots,Patrick Watson,2:41,https://music.youtube.com/watch?v=mcdO9UP0hp8
melody-for-study,Ave verum corpus,Stephen Cleobury - Topic,2:45,https://music.youtube.com/watch?v=y_dedfhezmU
melody-for-study,Mascagni: Cavalleria rusticana: Intermezzo,National Philharmonic Orchestra - Topic,3:11,https://music.youtube.com/watch?v=tNYfPYf1VB0
melody-for-study,Cavalleria rusticana: Intermezzo,Royal Philharmonic Orchestra,3:20,https://music.youtube.com/watch?v=pDb6EABsQXg
melody-for-study,"Violin Concerto No. 1 in G Minor, Op. 26: II. Adagio",Renaud Capuçon - Topic,8:11,https://music.youtube.com/watch?v=fDGZLD8TBNA
melody-for-study,"Piano Concerto No. 5 in E-Flat Major, Op. 73 ""Emperor"": II. Adagio un poco mosso",Pierre-Laurent Aimard - Topic,7:38,https://music.youtube.com/watch?v=7vfDaGYYZWQ
melody-for-study,Panis angelicus,Debrecen Kodály Choir - Topic,5:02,https://music.youtube.com/watch?v=HWtmTb2FCig
melody-for-study,Panis Angelicus (Arr. Leopold Stokowski),Matthias Bamert - Topic,3:50,https://music.youtube.com/watch?v=R8f4ggCe_VU
melody-for-study,"Rusalka, Op. 114, B. 203, Act I: Lieblicher Mond (Song to the Moon)",Release - Topic,6:31,https://music.youtube.com/watch?v=tEkIL83ppcM
melody-for-study,"Sérénade No. 10 ""Gran Partita"" K.361, en Si Bémol Majeur: III. Adagio",Orchestre des Champs-Elysées - Topic,5:16,https://music.youtube.com/watch?v=IqoBO3YC60M
melody-for-study,"Violin Concerto No. 3 in G Major, K. 216: II. Adagio",Julia Fischer - Topic,8:21,https://music.youtube.com/watch?v=aIYk_6-bYHU
melody-for-study,"Maurerische Trauermusik, K 477",Jordi Savall,5:23,https://music.youtube.com/watch?v=eg5bSbtNLp8
melody-for-study,Le carnaval des animaux: XIII. Le cygne (Transcr. Vidal for Cello and Orchestra),Gautier Capucon,3:29,https://music.youtube.com/watch?v=_r_oziJIxh4
melody-for-study,"Saint-Saëns: Le carnaval des animaux, R. 125: XIII. The Swan (Arr. Hodge for Cello, Harp &...",Sheku Kanneh-Mason,2:34,https://music.youtube.com/watch?v=A3Mbj8AStjQ
melody-for-study,"Mozart - Serenade K361 ""Gran Partita"" for 13 wind instruments: Adagio",London Winds - Topic,5:09,https://music.youtube.com/watch?v=uu2Y3flRhiU
melody-for-study,"Mozart: Così fan tutte, K. 588 / Act I: ""Soave sia il vento""",Miah Persson - Topic,2:52,https://music.youtube.com/watch?v=ZPQKleiJOOw
melody-for-study,"L'Allegro, Il Penseroso, ed il Moderato, Part III: As steals the morn",Mark Padmore - Topic,6:37,https://music.youtube.com/watch?v=MtAflZGEx_k
melody-for-study,"Mozart: Le nozze di Figaro, K. 492, Act II: No. 12, Voi che sapete – Bravo! che bella voce!",Frederica von Stade - Topic,3:54,https://music.youtube.com/watch?v=kfKZNHRbJaw
melody-for-study,Stölzel: Bist du bei mir (Prev. Attrib. Bach as BWV 508),Aafje Heynis - Topic,3:21,https://music.youtube.com/watch?v=8v0mb3wAvO0
melody-for-study,"Matthäus Passion, BWV 244: Aria, ""Erbarme dich""",Ton Koopman - Topic,6:09,https://music.youtube.com/watch?v=jYqVyFp20c4
melody-for-study,"Matthäus Passion, BWV 244: Chori, ""Wir setzen uns mit Tränen nieder""",Ton Koopman - Topic,5:19,https://music.youtube.com/watch?v=U_HazW-mDDo
melody-for-study,"Matthäuspassion, BWV 244: Erbarme dich",René Jacobs - Topic,6:43,https://music.youtube.com/watch?v=kgq3j-gFoss
melody-for-study,"Matthäus-Passion, BWV 244: No. 39, Aria ""Erbarme dich"" (Alto)",KingsCollegeChoir,6:01,https://music.youtube.com/watch?v=ANteFju0QOE
melody-for-study,"Violin Concerto in D Major, Op. 35: I. Allegro moderato",itzhakperlman,19:21,https://music.youtube.com/watch?v=CL-6-Ks-0ck
melody-for-study,"Violin Sonata in A major, FWV 8: IV. Allegretto poco mosso",Joshua Bell,6:05,https://music.youtube.com/watch?v=j73ZAUMrJYo
melody-for-study,"Beethoven: Piano Sonata No. 8 in C Minor, Op. 13 ""Pathétique"": II. Adagio cantabile (Live at...",András Schiff - Topic,5:15,https://music.youtube.com/watch?v=YXuFLn1Fors
melody-for-study,I. Lullaby (Molto moderato in G major),Stefan Veselka - Topic,3:12,https://music.youtube.com/watch?v=u5Z5EE7akdQ
melody-for-study,"Liszt: 3 Études de Concert, S. 144: No. 3 in D-Flat Major ""Un sospiro""",Daniil Trifonov,5:20,https://music.youtube.com/watch?v=qypYyZLVKIs
melody-for-study,"Beethoven: Violin Sonata No. 5 in F Major, Op. 24 ""Spring"": I. Allegro",Gidon Kremer - Topic,9:41,https://music.youtube.com/watch?v=KaeRPf5YlqU
melody-for-study,Mélancolie,Alexandre Tharaud,5:26,https://music.youtube.com/watch?v=jLZaq5dtyQI
melody-for-study,"Liszt: Consolations, S. 172: No. 2 in E Major. Un poco più mosso",Daniel Barenboim,3:14,https://music.youtube.com/watch?v=461pErH8ce0
melody-for-study,"The Four Seasons - Violin Concerto in F Minor, Op. 8 No. 4, RV 297 ""Winter"": I. Allegro non molto",Joshua Bell,3:22,https://music.youtube.com/watch?v=TGnEuedx-qY
melody-for-study,"Unaccompanied Cello Suite No. 1 in G major, BWV 1007: I. Prélude",Yo-Yo Ma,2:31,https://music.youtube.com/watch?v=8dknsjCAxzs
melody-for-study,"The Four Seasons: Concerto No. 2 in G Minor, RV 315 ""L'estate"" (summer) : III. Presto",Adrian Chandler - Topic,2:48,https://music.youtube.com/watch?v=NVc1bg6Omeo
melody-for-study,Lakmé: Flower Duet,Richard Kapp - Topic,0:59,https://music.youtube.com/watch?v=WWHGW-GxJio
melody-for-study,"Prelude and Fugue No. 2 in C Minor, BWV 847: I. Prelude",Daniel Barenboim,1:34,https://music.youtube.com/watch?v=IGP4a-QmS9U
melody-for-study,"Adagio in E Major, K. 261",Pinchas Zukerman - Topic,8:38,https://music.youtube.com/watch?v=PrU5Jr0EAzk
melody-for-study,"Suite from the Gadfly, Op. 97a: VIII. Romance (Arr. Atovmyan)",Tasmin Little - Topic,3:15,https://music.youtube.com/watch?v=8bb32j3h_QI
melody-for-study,"Clarinet Concerto in A Major, K. 622: II. Adagio",The Philadelphia Orchestra - Topic,8:54,https://music.youtube.com/watch?v=qEG3eHjzVqM
melody-for-study,"Violin Concerto in E Minor, Op. 64, MWV O14: I. Allegro molto appassionato",Maxim Vengerov - Topic,12:58,https://music.youtube.com/watch?v=KXnBG2FAWFA
melody-for-study,"Brahms: 21 Hungarian Dances, WoO 1: No. 1 in G Minor. Allegro molto (Version for Orchestra)",Herbert von Karajan,2:56,https://music.youtube.com/watch?v=sgdhoAuLows
melody-for-study,"Brahms: Symphony No. 3 in F Major, Op. 90: III. Poco allegretto",Berliner Philharmoniker,6:32,https://music.youtube.com/watch?v=t9ndxDhgZBM
melody-for-study,"Beethoven: Minuet in G Major, WoO 10, No. 2",I Musici - Topic,2:51,https://music.youtube.com/watch?v=VuwNGZ94rjA
melody-for-study,"Ein Musikalischer Spass, ""A Musical Joke"", K. 522: IV. Presto",Release - Topic,4:10,https://music.youtube.com/watch?v=oWE6uHFqYfk
melody-for-study,"The Four Seasons - Violin Concerto in E Major, Op. 8 No. 1, RV 269 ""Spring"": II. Largo e...",Joshua Bell,2:36,https://music.youtube.com/watch?v=UMUJ5PKKtQ4
melody-for-study,"Violin Partita No. 3 in E Major, BWV 1006: I. Preludio",Hilary Hahn,3:35,https://music.youtube.com/watch?v=uju--tMDar8
melody-for-study,"Le bourgeois gentilhomme: Chaconne des Scaramouches, Frivelins et Arlequins",Release - Topic,1:29,https://music.youtube.com/watch?v=PLZ4bn8oCMQ
melody-for-study,"Sonata in D Major, No. 1: III. Allegro",Lucy van Dael - Topic,1:06,https://music.youtube.com/watch?v=Ayxjbd0gMxU
melody-for-study,II. Allegro,Anna Hölbling - Topic,1:22,https://music.youtube.com/watch?v=lYcV186SZM4
melody-for-study,"Concerto grosso in D Major, Op. 6 No. 1: IIb. Allegro",Capella Istropolitana - Topic,1:14,https://music.youtube.com/watch?v=cZBqH0DYIkI
melody-for-study,"Cello Concerto No. 1 in C Major, Hob. VIIb:1: II. Adagio",Yo-Yo Ma,8:13,https://music.youtube.com/watch?v=80f2HrZ0E-c
melody-for-study,"Vivaldi: Concerto for 2 Mandolins in G Major, RV 532: III. Allegro",James Tyler - Topic,3:51,https://music.youtube.com/watch?v=7VlsWPZZbuc
melody-for-study,"String Quartet No. 62 in C Major, Op. 76 No. 3, Hob. III:77 ""Emperor"": II. Poco adagio, cantabile",Kodály Quartet - Topic,7:43,https://music.youtube.com/watch?v=NSBos6tXIeo
melody-for-study,"Mozart: Piano Concerto No. 20 in D Minor, K. 466: II. Romance (Live at Severance Hall,...",Mitsuko Uchida,9:36,https://music.youtube.com/watch?v=uDmbJGRr08w
melody-for-study,"Scottish Fantasy for Violin and Orchestra, Op. 46: I. Introduction: Grave, Adagio cantabile",Joshua Bell,8:51,https://music.youtube.com/watch?v=ZPk2mQDaFbc
melody-for-study,Tchaikovsky: Andante Cantabile,St. Lawrence String Quartet - Topic,7:43,https://music.youtube.com/watch?v=8EJBJ53UfJ4
melody-for-study,"Ständchen in D Minor (After Schubert) , S. 560",Lise de la Salle - Topic,5:58,https://music.youtube.com/watch?v=aKStLpm2ZXA
melody-for-study,"Mozart: Piano Concerto No. 27 in B-Flat Major, K. 595: II. Larghetto (Live at Severance Hall,...",Mitsuko Uchida,7:33,https://music.youtube.com/watch?v=ZzXZyS-jPV8
melody-for-study,"Was mir behagt, ist nur die muntre Jagd, BWV 208 ""Jagdkantate"": IX. Aria. ""Schafe können sicher...",Sir Neville Marriner - Topic,4:40,https://music.youtube.com/watch?v=709Fsp-DddE
melody-for-study,"Schumann: Kinderszenen, Op. 15: VII. Träumerei",Alfred Brendel - Topic,2:31,https://music.youtube.com/watch?v=ro2j19V6WKY
melody-for-study,"Mozart: Piano Sonata No. 16 in C Major, K. 545 ""Sonata facile"": II. Andante",András Schiff - Topic,5:23,https://music.youtube.com/watch?v=TocF9ZhBPaM
melody-for-study,"16 Waltzes, Op. 39 (Version for Piano Duet): No. 15 in A-Flat Major",Tal & Groethuysen - Topic,1:22,https://music.youtube.com/watch?v=QSWDUcuiihQ
melody-for-study,"Sibelius: Valse triste, Op. 44 No. 1",Berliner Philharmoniker,6:09,https://music.youtube.com/watch?v=Bi4OnSPc3Yc
melody-for-study,"Chopin: Nocturne No. 2 in E-Flat Major, Op. 9 No. 2",Vladimir Ashkenazy - Topic,4:09,https://music.youtube.com/watch?v=UVNAHvTmPd8
melody-for-study,"Concerto for Flute & Harp in C Major, K. 299: II. Andantino",Jiri Valek - Topic,7:32,https://music.youtube.com/watch?v=Uvp_howAsrU
melody-for-study,"Symphony No. 6 in F Major, Op. 68 ""Pastoral"": I. Erwachen heiterer Empfindungen bei der Ankunft...",The Philadelphia Orchestra - Topic,12:39,https://music.youtube.com/watch?v=4aC8UIyvptg
melody-for-study,"Dvořák: Cello Concerto in B Minor, Op. 104, B. 191: I. Allegro",Mstislav Rostropovich - Topic,15:42,https://music.youtube.com/watch?v=-cFwKzHTYRs
melody-for-study,"J.S. Bach: Wachet auf, ruft uns die Stimme, Cantata BWV 140 - IV. ""Zion hört die Wächter singen""",파워놀 놀부,5:59,https://music.youtube.com/watch?v=srYmoQF1_tg
melody-for-study,"Violin Concerto in B Minor, Op. 3 No. 10, RV. 580: I. Allegro",Yehudi Menuhin - Topic,4:15,https://music.youtube.com/watch?v=SOj1EnGklV0
melody-for-study,"Elgar: Salut d'amour, Op. 12 (Arr. Cullen for Cello & Orchestra)",Julian Lloyd Webber - Topic,3:19,https://music.youtube.com/watch?v=VEHW3rDEyQw
melody-for-study,"Piano Concerto No. 21 in C Major, K. 467: II. Andante",Stephen Hough,6:47,https://music.youtube.com/watch?v=vY9nZyCo49E
melody-for-study,"Piano Sonata No. 11 in A Major, K. 331: I. Theme & Variations",Murray Perahia - Topic,13:45,https://music.youtube.com/watch?v=NphMNdjM9uo
melody-for-study,"Violin Sonata No. 3 in C Major, BWV 1005: III. Largo",Hilary Hahn,3:57,https://music.youtube.com/watch?v=xRqlOZYV4y8
melody-for-study,"Bruch: Violin Concerto No. 1 in G minor, Op. 26: 1. Vorspiel (Allegro moderato)",Julia Fischer - Topic,7:54,https://music.youtube.com/watch?v=l_yt39F0g70
melody-for-study,"""Pastorale"" Symphony No. 6 in F major, Op.68: I. Allegro ma non troppo",James Loughran - Topic,12:19,https://music.youtube.com/watch?v=7QbA-jhEmbQ
melody-for-study,Borodin - String Quartet No.2 in D major: Notturno: Andante,Borodin Quartet - Topic,8:38,https://music.youtube.com/watch?v=va_2Udk4vOo
melody-for-study,"Cello Sonata No. 1 in E Minor, Op. 38: II. Allegretto quasi menuetto",Maria Kliegel - Topic,5:28,https://music.youtube.com/watch?v=uNUADgfEigY
melody-for-study,Clarinet Concerto in B-Flat Major: Andante sostenuto,Camerata Budapest - Topic,4:10,https://music.youtube.com/watch?v=yCSr1NiQstY
melody-for-study,"Cello Concerto No. 9 in B-Flat Major, G. 482: II. Adagio non troppo (Arr. Grützmacher for Cello...",Daniel Barenboim - Topic,6:55,https://music.youtube.com/watch?v=UhFl-GlhnSU
melody-for-study,"Tchaikovsky: Souvenir d'un lieu cher, Op. 42 (Arr. Lascae for Violin & String Orchestra) : III....",Janine Jansen,3:53,https://music.youtube.com/watch?v=wDV7gRhUaYw
melody-for-study,"Tahiti Trot, Op. 16: Taiti Trot (Tahiti Trot) , Op. 16",USSR State Symphony Orchestra - Topic,4:10,https://music.youtube.com/watch?v=TmzndUDgJmA
melody-for-study,Borodin: In the Steppes of Central Asia,Royal Philharmonic Orchestra,7:05,https://music.youtube.com/watch?v=fJ8quMO4srk
melody-for-study,"J.S. Bach: Brandenburg Concerto No. 5 in D, BWV 1050: 1. Allegro",English Chamber Orchestra - Topic,10:37,https://music.youtube.com/watch?v=0tqsTnM5jBA
melody-for-study,"Debussy: Prélude à l'après-midi d'un faune, CD 87a",Timothy Hutchins - Topic,10:46,https://music.youtube.com/watch?v=AYIWe2f-Dok
melody-for-study,"The Seasons, Op. 67: XIV. Petit Adagio",Neeme Järvi - Topic,3:30,https://music.youtube.com/watch?v=Bq_DkIqM9NE
melody-for-study,"Chopin: Nocturne No. 8 In D Flat, Op. 27 No. 2 (2005 Recording)",Maurizio Pollini - Topic,4:55,https://music.youtube.com/watch?v=vDaeVGAzgqo
melody-for-study,"J.S. Bach: Violin Concerto No. 1 in A minor, BWV 1041: III. Allegro assai",Daniel Lozakovich,3:48,https://music.youtube.com/watch?v=6i8BKWCLTUg
melody-for-study,"J.S. Bach: Concerto for 2 Violins in D Minor, BWV 1043: II. Largo ma non tanto",Hilary Hahn,6:51,https://music.youtube.com/watch?v=2E89GrDcsq0
melody-for-study,"Concerto for Flute and Harp, K. 299: II. Andantino",Emmanuel Pahud,8:31,https://music.youtube.com/watch?v=Bm92OBy4bGs
melody-for-study,I. Largo,Ladislav Kyselák - Topic,3:45,https://music.youtube.com/watch?v=vXdt5_GrqFM
melody-for-study,"Preludes, Op. 28: No. 7 in A Major",Nikolai Lugansky - Topic,0:59,https://music.youtube.com/watch?v=4umIFnqa6oc
melody-for-study,"Mendelssohn: Lieder ohne Worte, Op. 19: No. 6 in G Minor (Andante sostenuto) ""Venetian Gondola...",Jan Lisiecki,1:59,https://music.youtube.com/watch?v=UPJzvw2WRnY
melody-for-study,"Lieder ohne Worte (Songs without Words) , Book 2, Op. 30: No. 7 in E-Flat Major, Op. 30, No. 1",Péter Nagy - Topic,4:43,https://music.youtube.com/watch?v=4ZbnI6YxLDA
melody-for-study,"Concerto for Cello and Orchestra in C Major, Hob.VIIb:1: II. Adagio",Freiburger Barockorchester - Topic,8:13,https://music.youtube.com/watch?v=s2q8J10DEkM
melody-for-study,"Violin Partita No. 3 in E Major, BWV 1006: III. Gavotte en rondeau",Hilary Hahn,3:17,https://music.youtube.com/watch?v=zKPnWcyymDQ
melody-for-study,"The Hebrides, Op. 26 ""Fingal's Cave""",John Eliot Gardiner - Topic,10:00,https://music.youtube.com/watch?v=0QOH9LAvjpk
melody-for-study,"Handel: Solomon, HWV 67, Act III: The Arrival of the Queen of Sheba",The English Concert - Topic,3:08,https://music.youtube.com/watch?v=AoXNtriCLt4
melody-for-study,"Serenade No. 13 in G Major, K. 525 ""Eine kleine Nachtmusik"": II. Romance",Capella Istropolitana - Topic,6:04,https://music.youtube.com/watch?v=BqxEl4pXAKo
melody-for-study,"Brandenburg Concerto No. 3 in G Major, BWV 1048: I. [Allegro]",Trevor Pinnock,5:33,https://music.youtube.com/watch?v=848R5qN-eE4
melody-for-study,"Chopin: Piano Concerto No. 2 In F Minor, Op. 21: 3. Allegro vivace",Krystian Zimerman - Topic,9:06,https://music.youtube.com/watch?v=Wnx8Sx2AS10
melody-for-study,"Lieder ohne Worte, Book 2, Op. 30: No. 6 in F-Sharp Minor, MWV U 110 ""Venetianisches Gondellied""",Denis Kozhukhin - Topic,2:53,https://music.youtube.com/watch?v=1zfQDGz6jqE
melody-for-study,Les danses polovtsiennes (Extraits de l'opéra Le Prince Igor) : Danse des hommes,Anima Eterna Brugge - Topic,1:26,https://music.youtube.com/watch?v=cKsMgHRCWoE
melody-for-study,"Tchaikovsky: Piano Concerto No. 1 in B-Flat Minor, Op. 23: I. Allegro non troppo e molto...",Evgeny Kissin - Topic,23:42,https://music.youtube.com/watch?v=qvG6USEl3Zs
melody-for-study,"Rachmaninoff: Piano Concerto No. 2 in C Minor, Op. 18: II. Adagio sostenuto",Yuja Wang,11:16,https://music.youtube.com/watch?v=fPqtOttm_6k
melody-for-study,"Tchaikovsky: Romeo and Juliet, Fantasy Overture, TH 42",Berliner Philharmoniker,20:13,https://music.youtube.com/watch?v=znKS1QuCUI0
melody-for-study,Le carnaval des animaux: XIII. Le cygne (Arr. Hazell for Cello and Orchestra),michelle rosas,3:19,https://music.youtube.com/watch?v=_la4cc5pON0
melody-for-study,"Brahms: Symphony No. 1 in C Minor, Op. 68: I. Un poco sostenuto – Allegro",Berliner Philharmoniker,13:22,https://music.youtube.com/watch?v=MIvEyGm7AKc
melody-for-study,"Brahms: Tragic Overture, Op. 81",Berliner Philharmoniker,13:02,https://music.youtube.com/watch?v=DmTMrgZ4Q3U
melody-for-study,Mahler: Symphony No. 5: V. Rondo-Finale. Allegro,Vienna Philharmonic,15:12,https://music.youtube.com/watch?v=s3597OQF-gM
melody-for-study,"Rachmaninoff: Cello Sonata in G Minor, Op. 19: II. Allegro scherzando",Gautier Capucon,6:26,https://music.youtube.com/watch?v=rG7UJ31oTtw
melody-for-study,Carmen Suite No. 1 (Arr. E. Guiraud) : I. Prélude,Barcelona Symphony Orchestra - Topic,1:29,https://music.youtube.com/watch?v=k6AdLqTgd-s
melody-for-study,Carmen Suite No. 1 (Arr. E. Guiraud) : II. Aragonaise,Barcelona Symphony Orchestra - Topic,2:19,https://music.youtube.com/watch?v=M0r__1lvfbo
melody-for-study,Carmen Suite No. 1 (Arr. E. Guiraud) : III. Intermezzo,Barcelona Symphony Orchestra - Topic,2:49,https://music.youtube.com/watch?v=ENBgAjq_xiw
melody-for-study,Carmen Suite No. 1 (Arr. E. Guiraud) : IV. Séguedille,Barcelona Symphony Orchestra - Topic,2:02,https://music.youtube.com/watch?v=PUHCibjb8qc
melody-for-study,Carmen Suite No. 1 (Arr. E. Guiraud) : V. Les dragons d'Alcala,Barcelona Symphony Orchestra - Topic,1:45,https://music.youtube.com/watch?v=wR01V6EF114
melody-for-study,Carmen Suite No. 2 (Arr. E. Guiraud) : VI. Danse bohème,Barcelona Symphony Orchestra - Topic,4:49,https://music.youtube.com/watch?v=N_WFgW73r18
melody-for-study,Bizet: Carmen Suite No. 1: 5. Les toréadors,Orchestre de Paris - Topic,2:18,https://music.youtube.com/watch?v=_XkQ3CsKs-c
melody-for-study,William Tell Overture,Arthur Fiedler - Topic,3:05,https://music.youtube.com/watch?v=3u_TPaLVNNw
melody-for-study,"""In The Hall Of The Mountain King"" from Peer Gynt Suite N°1, Op. 46",London Symphony Orchestra,2:31,https://music.youtube.com/watch?v=CNDvw7d7Zts
melody-for-study,"1812 Overture in E-Flat Major, Op. 49",Royal Philharmonic Orchestra,15:55,https://music.youtube.com/watch?v=LNPGsrl9SoI
melody-for-study,"Hungarian Rhapsody No. 2 in C-Sharp Minor, S. 244/2",Vladimir Horowitz - Topic,9:02,https://music.youtube.com/watch?v=vfPcRIbWGdE
melody-for-study,"Symphony No. 9 in E Minor, Op. 95 ""From the New World"": IV. Allegro con fuoco",New York Philharmonic - Topic,12:16,https://music.youtube.com/watch?v=EfDIgrAqr90
melody-for-study,"Fučík: Entry of the Gladiators, Op. 68",Gothenburg Symphony Orchestra - Topic,2:45,https://music.youtube.com/watch?v=4TXVAN3Q5us
melody-for-study,Guillaume Tell: Overture (Finale),Royal Philharmonic Orchestra,3:32,https://music.youtube.com/watch?v=nbf0jrOGvDU
melody-for-study,"Wilhelm Tell-Galoppe, Op. 29b",Slovak Sinfonietta Žilina - Topic,1:35,https://music.youtube.com/watch?v=-kVQfSmyMjE
melody-for-study,Bizet: Carmen Suite No. 2: 2. Habanera,Orchestre de Paris - Topic,2:02,https://music.youtube.com/watch?v=3hPeH8AwKCs
melody-for-study,The Tale of Tsar Saltan: Flight of the Bumblebee,Seattle Symphony,1:31,https://music.youtube.com/watch?v=FlF_1OPdFWk
melody-for-study,"Le nozze di Figaro, K. 492: Overture",Nicolaus Esterhazy Sinfonia - Topic,4:15,https://music.youtube.com/watch?v=3bU-j8gSdNI
melody-for-study,"Symphony No. 40 in G Minor, K. 550: I. Molto allegro",Yehudi Menuhin - Topic,7:13,https://music.youtube.com/watch?v=T0Pfj5tzowQ
melody-for-study,"String Quintet in E Major, Op. 11 No. 5, G. 275: III. Minuetto - Trio (Arr. Woodhouse for...",Sir Neville Marriner - Topic,3:58,https://music.youtube.com/watch?v=V9bPnuwerMY
melody-for-study,"The Four Seasons, Violin Concerto in E Major, Op. 8 No. 1, RV 269 ""Spring"": I. Allegro",itzhakperlman,3:17,https://music.youtube.com/watch?v=8cTD9amqphM
melody-for-study,"Frühlingsstimmen, Op. 410",Slovak Philharmonic Orchestra - Topic,7:46,https://music.youtube.com/watch?v=oQHn5STasGA
melody-for-study,"Le nozze di Figaro, K. 492: Sinfonia",René Jacobs - Topic,4:12,https://music.youtube.com/watch?v=dsy8zrESCHw
melody-for-study,March of the Toreadors,101 Strings Orchestra Official,2:21,https://music.youtube.com/watch?v=ctQ8i7ohGAc
